,occupancy,bin1,bin2,H2S,temperature,humidity,timestamp,date,time
0,5,27.81,0.0,915,26.7,40.0,1638867600,2021-12-07,09:00:00
1,6,29.48,0.0,843,26.3,30.0,1638868200,2021-12-07,09:10:00
2,6,37.06,0.0,826,27.6,26.0,1638868800,2021-12-07,09:20:00
3,6,-1.0,0.0,837,28.0,25.0,1638869400,2021-12-07,09:30:00
4,6,-1.0,0.0,834,28.0,26.0,1638870000,2021-12-07,09:40:00
5,7,25.61,0.0,832,27.8,26.0,1638870600,2021-12-07,09:50:00
6,13,27.0,0.0,800,29.3,21.0,1638871200,2021-12-07,10:00:00
7,12,23.78,0.0,804,28.9,21.0,1638871800,2021-12-07,10:10:00
8,15,33.18,0.0,761,28.9,21.0,1638872400,2021-12-07,10:20:00
9,16,-1.0,0.0,-1,-1.0,-1.0,1638873000,2021-12-07,10:30:00
10,12,-1.0,-1.0,-1,-1.0,-1.0,1638873600,2021-12-07,10:40:00
11,14,-1.0,-1.0,-1,-1.0,-1.0,1638874200,2021-12-07,10:50:00
12,13,-1.0,-1.0,-1,-1.0,-1.0,1638874800,2021-12-07,11:00:00
13,9,-1.0,-1.0,-1,-1.0,-1.0,1638875400,2021-12-07,11:10:00
14,12,-1.0,-1.0,-1,-1.0,-1.0,1638876000,2021-12-07,11:20:00
15,15,-1.0,-1.0,-1,-1.0,-1.0,1638876700,2021-12-07,11:31:40
16,15,-1.0,-1.0,-1,-1.0,-1.0,1638877200,2021-12-07,11:40:00
17,16,-1.0,0.0,845,29.6,20.0,1638878400,2021-12-07,12:00:00
18,17,14.17,0.0,877,29.4,21.0,1638879000,2021-12-07,12:10:00
19,20,14.17,0.0,865,29.0,21.0,1638879600,2021-12-07,12:20:00
20,17,29.22,0.0,-1,-1.0,-1.0,1638880200,2021-12-07,12:30:00
21,10,-1.0,-1.0,-1,-1.0,-1.0,1638880800,2021-12-07,12:40:00
22,18,-1.0,-1.0,-1,-1.0,-1.0,1638881500,2021-12-07,12:51:40
23,18,-1.0,-1.0,-1,-1.0,-1.0,1638882000,2021-12-07,13:00:00
24,16,-1.0,-1.0,-1,-1.0,-1.0,1638882600,2021-12-07,13:10:00
25,16,-1.0,-1.0,-1,-1.0,-1.0,1638883300,2021-12-07,13:21:40
26,21,-1.0,-1.0,-1,-1.0,-1.0,1638883800,2021-12-07,13:30:00
27,19,-1.0,-1.0,-1,-1.0,-1.0,1638884400,2021-12-07,13:40:00
28,20,-1.0,-1.0,-1,-1.0,-1.0,1638885000,2021-12-07,13:50:00
29,24,-1.0,-1.0,-1,-1.0,-1.0,1638885600,2021-12-07,14:00:00
30,25,-1.0,-1.0,-1,-1.0,-1.0,1638886200,2021-12-07,14:10:00
31,23,-1.0,-1.0,-1,-1.0,-1.0,1638886800,2021-12-07,14:20:00
32,18,-1.0,-1.0,-1,-1.0,-1.0,1638887400,2021-12-07,14:30:00
33,16,-1.0,-1.0,-1,-1.0,-1.0,1638888000,2021-12-07,14:40:00
34,17,-1.0,-1.0,-1,-1.0,-1.0,1638888600,2021-12-07,14:50:00
35,23,-1.0,-1.0,-1,-1.0,-1.0,1638889200,2021-12-07,15:00:00
36,28,-1.0,-1.0,-1,-1.0,-1.0,1638889800,2021-12-07,15:10:00
37,24,-1.0,-1.0,-1,-1.0,-1.0,1638890400,2021-12-07,15:20:00
38,20,-1.0,-1.0,-1,-1.0,-1.0,1638891000,2021-12-07,15:30:00
39,24,-1.0,-1.0,-1,-1.0,-1.0,1638891600,2021-12-07,15:40:00
40,22,-1.0,-1.0,-1,-1.0,-1.0,1638892200,2021-12-07,15:50:00
41,20,-1.0,-1.0,-1,-1.0,-1.0,1638892800,2021-12-07,16:00:00
42,20,-1.0,-1.0,-1,-1.0,-1.0,1638893400,2021-12-07,16:10:00
43,23,-1.0,-1.0,-1,-1.0,-1.0,1638894000,2021-12-07,16:20:00
44,19,-1.0,-1.0,-1,-1.0,-1.0,1638894600,2021-12-07,16:30:00
45,19,-1.0,29.85,-1,-1.0,-1.0,1638895200,2021-12-07,16:40:00
46,22,-1.0,31.15,975,29.8,24.0,1638895800,2021-12-07,16:50:00
47,21,-1.0,4.26,993,29.4,25.0,1638896400,2021-12-07,17:00:00
48,21,-1.0,4.26,976,29.0,25.0,1638897000,2021-12-07,17:10:00
49,17,-1.0,4.26,-1,-1.0,-1.0,1638897600,2021-12-07,17:20:00
50,18,-1.0,-1.0,-1,-1.0,-1.0,1638898200,2021-12-07,17:30:00
51,15,-1.0,-1.0,-1,-1.0,-1.0,1638898800,2021-12-07,17:40:00
52,16,-1.0,-1.0,-1,-1.0,-1.0,1638899400,2021-12-07,17:50:00
53,12,-1.0,-1.0,-1,-1.0,-1.0,1638900000,2021-12-07,18:00:00
54,14,-1.0,-1.0,-1,-1.0,-1.0,1638900600,2021-12-07,18:10:00
55,13,-1.0,-1.0,-1,-1.0,-1.0,1638901200,2021-12-07,18:20:00
56,10,-1.0,-1.0,-1,-1.0,-1.0,1638901800,2021-12-07,18:30:00
57,12,-1.0,-1.0,-1,-1.0,-1.0,1638902400,2021-12-07,18:40:00
58,12,-1.0,-1.0,-1,-1.0,-1.0,1638903000,2021-12-07,18:50:00
59,13,-1.0,-1.0,-1,-1.0,-1.0,1638903600,2021-12-07,19:00:00
60,13,-1.0,-1.0,-1,-1.0,-1.0,1638904200,2021-12-07,19:10:00
61,12,-1.0,-1.0,-1,-1.0,-1.0,1638904800,2021-12-07,19:20:00
62,7,-1.0,-1.0,-1,-1.0,-1.0,1638905400,2021-12-07,19:30:00
63,8,-1.0,-1.0,-1,-1.0,-1.0,1638906000,2021-12-07,19:40:00
64,8,-1.0,-1.0,-1,-1.0,-1.0,1638906600,2021-12-07,19:50:00
65,7,-1.0,-1.0,-1,-1.0,-1.0,1638907200,2021-12-07,20:00:00
66,6,15.38,0.0,1072,29.2,24.0,1638907800,2021-12-07,20:10:00
67,4,15.38,0.0,1087,29.1,24.0,1638908400,2021-12-07,20:20:00
68,3,14.79,0.0,1066,28.3,25.0,1638909000,2021-12-07,20:30:00
69,1,-1.0,-1.0,-1,-1.0,-1.0,1638909600,2021-12-07,20:40:00
70,2,-1.0,-1.0,-1,-1.0,-1.0,1638910200,2021-12-07,20:50:00
71,2,-1.0,-1.0,-1,-1.0,-1.0,1638910800,2021-12-07,21:00:00
72,2,-1.0,-1.0,-1,-1.0,-1.0,1638911400,2021-12-07,21:10:00
73,2,-1.0,-1.0,-1,-1.0,-1.0,1638912000,2021-12-07,21:20:00
74,1,-1.0,-1.0,-1,-1.0,-1.0,1638912600,2021-12-07,21:30:00
75,1,-1.0,-1.0,-1,-1.0,-1.0,1638913200,2021-12-07,21:40:00
76,1,-1.0,-1.0,-1,-1.0,-1.0,1638913800,2021-12-07,21:50:00
77,1,-1.0,-1.0,-1,-1.0,-1.0,1638914400,2021-12-07,22:00:00
78,0,-1.0,-1.0,-1,-1.0,-1.0,1638915000,2021-12-07,22:10:00
79,0,-1.0,-1.0,-1,-1.0,-1.0,1638915600,2021-12-07,22:20:00
80,0,-1.0,-1.0,-1,-1.0,-1.0,1638916200,2021-12-07,22:30:00
81,0,-1.0,-1.0,-1,-1.0,-1.0,1638916800,2021-12-07,22:40:00
82,-1,-1.0,-1.0,-1,-1.0,-1.0,1638917400,2021-12-07,22:50:00
83,-1,-1.0,-1.0,-1,-1.0,-1.0,1638918000,2021-12-07,23:00:00
84,0,-1.0,-1.0,-1,-1.0,-1.0,1638918600,2021-12-07,23:10:00
85,0,-1.0,-1.0,-1,-1.0,-1.0,1638919200,2021-12-07,23:20:00
86,0,-1.0,-1.0,-1,-1.0,-1.0,1638919800,2021-12-07,23:30:00
87,0,-1.0,-1.0,-1,-1.0,-1.0,1638920400,2021-12-07,23:40:00
88,0,-1.0,-1.0,-1,-1.0,-1.0,1638921000,2021-12-07,23:50:00
89,0,-1.0,-1.0,-1,-1.0,-1.0,1638921600,2021-12-08,00:00:00
90,0,-1.0,-1.0,-1,-1.0,-1.0,1638922200,2021-12-08,00:10:00
91,0,-1.0,-1.0,-1,-1.0,-1.0,1638922800,2021-12-08,00:20:00
92,0,-1.0,-1.0,-1,-1.0,-1.0,1638923400,2021-12-08,00:30:00
93,0,-1.0,-1.0,-1,-1.0,-1.0,1638924000,2021-12-08,00:40:00
94,0,-1.0,-1.0,-1,-1.0,-1.0,1638924600,2021-12-08,00:50:00
95,0,-1.0,-1.0,-1,-1.0,-1.0,1638925200,2021-12-08,01:00:00
96,0,-1.0,-1.0,-1,-1.0,-1.0,1638925800,2021-12-08,01:10:00
97,0,-1.0,-1.0,-1,-1.0,-1.0,1638926400,2021-12-08,01:20:00
98,0,-1.0,-1.0,-1,-1.0,-1.0,1638927000,2021-12-08,01:30:00
99,0,-1.0,-1.0,-1,-1.0,-1.0,1638927600,2021-12-08,01:40:00
100,0,-1.0,-1.0,-1,-1.0,-1.0,1638928200,2021-12-08,01:50:00
101,0,-1.0,-1.0,-1,-1.0,-1.0,1638928800,2021-12-08,02:00:00
102,0,-1.0,-1.0,-1,-1.0,-1.0,1638929400,2021-12-08,02:10:00
103,0,-1.0,-1.0,-1,-1.0,-1.0,1638930000,2021-12-08,02:20:00
104,0,-1.0,-1.0,-1,-1.0,-1.0,1638930600,2021-12-08,02:30:00
105,0,-1.0,-1.0,-1,-1.0,-1.0,1638931200,2021-12-08,02:40:00
106,0,-1.0,-1.0,-1,-1.0,-1.0,1638931800,2021-12-08,02:50:00
107,0,-1.0,-1.0,-1,-1.0,-1.0,1638932400,2021-12-08,03:00:00
108,0,-1.0,-1.0,-1,-1.0,-1.0,1638933000,2021-12-08,03:10:00
109,0,-1.0,-1.0,-1,-1.0,-1.0,1638933600,2021-12-08,03:20:00
110,0,-1.0,-1.0,-1,-1.0,-1.0,1638934200,2021-12-08,03:30:00
111,0,-1.0,-1.0,-1,-1.0,-1.0,1638934800,2021-12-08,03:40:00
112,0,-1.0,-1.0,-1,-1.0,-1.0,1638935400,2021-12-08,03:50:00
113,0,-1.0,-1.0,-1,-1.0,-1.0,1638936000,2021-12-08,04:00:00
114,0,-1.0,-1.0,-1,-1.0,-1.0,1638936600,2021-12-08,04:10:00
115,0,-1.0,-1.0,-1,-1.0,-1.0,1638937200,2021-12-08,04:20:00
116,0,-1.0,-1.0,-1,-1.0,-1.0,1638937800,2021-12-08,04:30:00
117,0,-1.0,-1.0,-1,-1.0,-1.0,1638938400,2021-12-08,04:40:00
118,0,-1.0,-1.0,-1,-1.0,-1.0,1638939000,2021-12-08,04:50:00
119,0,-1.0,-1.0,-1,-1.0,-1.0,1638939600,2021-12-08,05:00:00
120,0,-1.0,-1.0,-1,-1.0,-1.0,1638940200,2021-12-08,05:10:00
121,0,-1.0,-1.0,-1,-1.0,-1.0,1638941500,2021-12-08,05:31:40
122,0,-1.0,-1.0,-1,-1.0,-1.0,1638942000,2021-12-08,05:40:00
123,0,-1.0,-1.0,-1,-1.0,-1.0,1638942600,2021-12-08,05:50:00
124,0,-1.0,-1.0,-1,-1.0,-1.0,1638943200,2021-12-08,06:00:00
125,0,-1.0,-1.0,-1,-1.0,-1.0,1638943800,2021-12-08,06:10:00
126,0,-1.0,-1.0,-1,-1.0,-1.0,1638944400,2021-12-08,06:20:00
127,0,-1.0,-1.0,-1,-1.0,-1.0,1638945000,2021-12-08,06:30:00
128,0,-1.0,-1.0,-1,-1.0,-1.0,1638945600,2021-12-08,06:40:00
129,0,-1.0,-1.0,-1,-1.0,-1.0,1638946200,2021-12-08,06:50:00
130,0,-1.0,-1.0,-1,-1.0,-1.0,1638946800,2021-12-08,07:00:00
131,0,-1.0,-1.0,-1,-1.0,-1.0,1638947400,2021-12-08,07:10:00
132,0,-1.0,-1.0,-1,-1.0,-1.0,1638948000,2021-12-08,07:20:00
133,0,-1.0,-1.0,-1,-1.0,-1.0,1638948600,2021-12-08,07:30:00
134,0,-1.0,-1.0,-1,-1.0,-1.0,1638949200,2021-12-08,07:40:00
135,0,-1.0,-1.0,-1,-1.0,-1.0,1638949800,2021-12-08,07:50:00
136,0,-1.0,-1.0,-1,-1.0,-1.0,1638950400,2021-12-08,08:00:00
137,0,-1.0,-1.0,-1,-1.0,-1.0,1638951000,2021-12-08,08:10:00
138,0,-1.0,-1.0,-1,-1.0,-1.0,1638951600,2021-12-08,08:20:00
139,0,-1.0,-1.0,-1,-1.0,-1.0,1638952200,2021-12-08,08:30:00
140,0,-1.0,-1.0,-1,-1.0,-1.0,1638952800,2021-12-08,08:40:00
141,1,37.55,30.12,794,27.7,17.0,1638953600,2021-12-08,08:53:20
142,1,37.69,29.36,825,27.0,18.0,1638954600,2021-12-08,09:10:00
143,1,37.78,29.37,627,26.5,19.0,1638955200,2021-12-08,09:20:00
144,2,37.94,30.93,808,26.2,18.0,1638955800,2021-12-08,09:30:00
145,5,38.12,24.96,814,26.2,18.0,1638956400,2021-12-08,09:40:00
146,4,38.22,36.79,770,26.5,16.0,1638957000,2021-12-08,09:50:00
147,2,38.16,36.8,734,26.4,17.0,1638957600,2021-12-08,10:00:00
148,3,38.92,36.84,586,26.4,16.0,1638958200,2021-12-08,10:10:00
149,5,39.12,29.9,698,26.5,16.0,1638958800,2021-12-08,10:20:00
150,7,39.13,29.9,732,26.7,16.0,1638959400,2021-12-08,10:30:00
151,4,39.3,27.23,715,26.7,15.0,1638960000,2021-12-08,10:40:00
152,6,39.62,27.34,741,26.8,16.0,1638960600,2021-12-08,10:50:00
153,8,41.21,25.12,744,27.0,16.0,1638961200,2021-12-08,11:00:00
154,10,42.05,24.98,723,27.1,15.0,1638961800,2021-12-08,11:10:00
155,12,42.5,24.76,753,27.6,14.0,1638963000,2021-12-08,11:30:00
156,13,43.3,23.9,705,27.0,16.0,1638963600,2021-12-08,11:40:00
157,13,40.93,23.9,743,26.8,15.0,1638964200,2021-12-08,11:50:00
158,13,39.79,45.48,742,27.2,15.0,1638964800,2021-12-08,12:00:00
159,13,49.91,44.92,745,27.2,16.0,1638965400,2021-12-08,12:10:00
160,15,49.57,44.92,793,27.1,16.0,1638966000,2021-12-08,12:20:00
161,15,47.58,29.62,750,27.1,16.0,1638966600,2021-12-08,12:30:00
162,15,35.9,25.97,727,27.2,16.0,1638967200,2021-12-08,12:40:00
163,17,36.35,38.01,752,27.1,16.0,1638967800,2021-12-08,12:50:00
164,15,41.61,36.31,757,27.1,16.0,1638968400,2021-12-08,13:00:00
165,20,31.02,24.18,785,27.0,17.0,1638969000,2021-12-08,13:10:00
166,26,39.56,24.0,838,27.3,16.0,1638969600,2021-12-08,13:20:00
167,24,35.67,24.18,667,27.3,17.0,1638970200,2021-12-08,13:30:00
168,29,33.87,37.68,656,27.4,17.0,1638970800,2021-12-08,13:40:00
169,25,33.09,33.0,803,27.7,16.0,1638971400,2021-12-08,13:50:00
170,18,35.9,29.88,688,27.5,17.0,1638972000,2021-12-08,14:00:00
171,21,36.13,29.56,803,27.8,16.0,1638972600,2021-12-08,14:10:00
172,24,35.9,44.31,835,28.2,16.0,1638973200,2021-12-08,14:20:00
173,21,36.13,42.71,813,28.2,16.0,1638973800,2021-12-08,14:30:00
174,18,35.9,48.27,789,28.2,16.0,1638974400,2021-12-08,14:40:00
175,17,35.67,47.58,816,28.1,16.0,1638975000,2021-12-08,14:50:00
176,21,34.38,43.11,810,27.7,16.0,1638975600,2021-12-08,15:00:00
177,21,36.23,42.71,796,27.7,16.0,1638976200,2021-12-08,15:10:00
178,23,35.9,39.52,813,27.9,16.0,1638976800,2021-12-08,15:20:00
179,23,29.52,44.9,832,27.9,16.0,1638977400,2021-12-08,15:30:00
180,22,26.95,36.75,832,28.1,16.0,1638978000,2021-12-08,15:40:00
181,21,28.67,37.08,827,28.2,16.0,1638978600,2021-12-08,15:50:00
182,22,28.96,38.6,833,28.1,16.0,1638979200,2021-12-08,16:00:00
183,17,29.71,45.97,690,28.0,16.0,1638979800,2021-12-08,16:10:00
184,16,35.16,43.49,852,28.0,16.0,1638980400,2021-12-08,16:20:00
185,15,34.9,40.94,794,27.8,16.0,1638981000,2021-12-08,16:30:00
186,16,29.21,42.0,831,27.6,16.0,1638981600,2021-12-08,16:40:00
187,16,30.0,42.05,804,27.6,16.0,1638982200,2021-12-08,16:50:00
188,16,32.58,42.7,835,27.4,16.0,1638982800,2021-12-08,17:00:00
189,20,31.08,37.82,854,27.5,16.0,1638983400,2021-12-08,17:10:00
190,21,29.22,38.13,833,27.7,16.0,1638984000,2021-12-08,17:20:00
191,18,29.74,36.07,827,27.6,16.0,1638984600,2021-12-08,17:30:00
192,16,32.01,42.05,822,27.4,16.0,1638985200,2021-12-08,17:40:00
193,16,30.62,43.01,816,27.3,16.0,1638985800,2021-12-08,17:50:00
194,16,29.69,31.17,811,27.5,15.0,1638986400,2021-12-08,18:00:00
195,18,29.23,31.69,800,27.3,16.0,1638987000,2021-12-08,18:10:00
196,17,29.74,30.91,635,27.3,16.0,1638987600,2021-12-08,18:20:00
197,16,29.74,30.13,810,27.5,15.0,1638988200,2021-12-08,18:30:00
198,13,31.03,31.43,786,27.4,15.0,1638988800,2021-12-08,18:40:00
199,16,31.81,31.95,797,27.5,15.0,1638989400,2021-12-08,18:50:00
200,17,31.03,31.17,769,27.6,15.0,1638990000,2021-12-08,19:00:00
201,16,29.74,30.39,818,27.7,15.0,1638990600,2021-12-08,19:10:00
202,18,32.42,31.17,812,27.8,15.0,1638991200,2021-12-08,19:20:00
203,15,30.25,28.52,825,27.8,15.0,1638991800,2021-12-08,19:30:00
204,13,30.25,22.73,880,27.8,15.0,1638992400,2021-12-08,19:40:00
205,10,36.78,23.32,850,27.6,15.0,1638993000,2021-12-08,19:50:00
206,9,30.77,30.39,835,27.5,15.0,1638993600,2021-12-08,20:00:00
207,10,30.78,30.91,839,27.5,15.0,1638994200,2021-12-08,20:10:00
208,10,36.36,29.35,855,27.3,15.0,1638994800,2021-12-08,20:20:00
209,11,30.0,28.52,846,27.3,16.0,1638995400,2021-12-08,20:30:00
210,10,30.0,22.73,870,27.4,15.0,1638996000,2021-12-08,20:40:00
211,9,29.21,23.02,851,27.3,15.0,1638996600,2021-12-08,20:50:00
212,8,29.22,24.76,853,27.2,16.0,1638997200,2021-12-08,21:00:00
213,7,33.63,25.96,867,27.2,16.0,1638997800,2021-12-08,21:10:00
214,8,38.43,23.6,853,27.3,16.0,1638998400,2021-12-08,21:20:00
215,8,36.37,25.34,851,27.3,16.0,1638999000,2021-12-08,21:30:00
216,8,35.91,23.32,848,27.4,15.0,1638999600,2021-12-08,21:40:00
217,7,36.07,24.18,860,27.4,15.0,1639000200,2021-12-08,21:50:00
218,7,30.25,25.05,950,27.3,15.0,1639000800,2021-12-08,22:00:00
219,7,29.74,26.78,859,27.4,15.0,1639001400,2021-12-08,22:10:00
220,6,34.91,36.76,897,27.3,16.0,1639002000,2021-12-08,22:20:00
221,2,12.42,33.93,848,27.2,16.0,1639002600,2021-12-08,22:30:00
222,3,11.42,36.52,727,27.2,16.0,1639003200,2021-12-08,22:40:00
223,0,14.59,43.34,742,27.1,16.0,1639003800,2021-12-08,22:50:00
224,1,11.84,17.37,875,27.1,15.0,1639004400,2021-12-08,23:00:00
225,0,13.59,36.99,880,27.2,16.0,1639005000,2021-12-08,23:10:00
226,1,18.29,34.28,850,27.1,15.0,1639005600,2021-12-08,23:20:00
227,1,12.42,33.51,867,27.1,15.0,1639006200,2021-12-08,23:30:00
228,1,13.3,34.81,883,26.9,16.0,1639006800,2021-12-08,23:40:00
229,1,15.05,29.61,857,27.0,16.0,1639007400,2021-12-08,23:50:00
230,0,26.02,36.53,858,27.0,15.0,1639008000,2021-12-09,00:00:00
231,0,13.0,29.52,850,26.9,15.0,1639008600,2021-12-09,00:10:00
232,0,17.81,32.16,839,26.9,16.0,1639009200,2021-12-09,00:20:00
233,0,30.52,29.35,838,26.9,15.0,1639009800,2021-12-09,00:30:00
234,0,29.74,17.71,816,26.9,15.0,1639010400,2021-12-09,00:40:00
235,0,29.74,11.6,833,26.8,15.0,1639011000,2021-12-09,00:50:00
236,0,30.52,12.18,833,-1.0,-1.0,1639011600,2021-12-09,01:00:00
237,0,30.25,12.25,816,-1.0,-1.0,1639012200,2021-12-09,01:10:00
238,0,30.26,11.31,811,-1.0,-1.0,1639012800,2021-12-09,01:20:00
239,0,30.26,27.08,841,-1.0,-1.0,1639013400,2021-12-09,01:30:00
240,0,31.55,14.53,834,-1.0,-1.0,1639014000,2021-12-09,01:40:00
241,0,31.55,12.18,824,-1.0,-1.0,1639014600,2021-12-09,01:50:00
242,0,30.94,16.2,821,-1.0,-1.0,1639015200,2021-12-09,02:00:00
243,0,30.78,22.45,865,-1.0,-1.0,1639015800,2021-12-09,02:10:00
244,0,30.78,24.01,801,-1.0,-1.0,1639016400,2021-12-09,02:20:00
245,0,30.78,25.74,821,-1.0,-1.0,1639017000,2021-12-09,02:30:00
246,0,30.78,32.48,835,-1.0,-1.0,1639017600,2021-12-09,02:40:00
247,0,30.78,23.49,816,-1.0,-1.0,1639018200,2021-12-09,02:50:00
248,0,30.01,24.76,818,-1.0,-1.0,1639018800,2021-12-09,03:00:00
249,0,30.01,17.69,829,-1.0,-1.0,1639019400,2021-12-09,03:10:00
250,0,30.01,30.66,869,-1.0,-1.0,1639020000,2021-12-09,03:20:00
251,0,30.01,29.88,795,-1.0,-1.0,1639020600,2021-12-09,03:30:00
252,0,29.23,31.17,809,-1.0,-1.0,1639021200,2021-12-09,03:40:00
253,0,29.23,30.39,795,-1.0,-1.0,1639021800,2021-12-09,03:50:00
254,0,29.23,29.62,853,-1.0,-1.0,1639022400,2021-12-09,04:00:00
255,0,28.4,29.62,795,-1.0,-1.0,1639023000,2021-12-09,04:10:00
256,0,28.4,13.36,773,-1.0,-1.0,1639023600,2021-12-09,04:20:00
257,0,28.73,14.24,778,-1.0,-1.0,1639024200,2021-12-09,04:30:00
258,0,29.76,23.31,794,-1.0,-1.0,1639024800,2021-12-09,04:40:00
259,0,29.75,15.13,794,-1.0,-1.0,1639025400,2021-12-09,04:50:00
260,0,29.75,16.41,762,-1.0,-1.0,1639026000,2021-12-09,05:00:00
261,0,29.75,13.06,793,-1.0,-1.0,1639026600,2021-12-09,05:10:00
262,0,28.98,13.95,806,-1.0,-1.0,1639027200,2021-12-09,05:20:00
263,0,27.24,14.48,798,-1.0,-1.0,1639027800,2021-12-09,05:30:00
264,0,27.24,14.83,760,-1.0,-1.0,1639028400,2021-12-09,05:40:00
265,0,27.24,29.88,784,-1.0,-1.0,1639029000,2021-12-09,05:50:00
266,0,27.25,19.82,793,-1.0,-1.0,1639029600,2021-12-09,06:00:00
267,0,28.11,13.66,797,-1.0,-1.0,1639030200,2021-12-09,06:10:00
268,0,29.49,33.52,795,-1.0,-1.0,1639030800,2021-12-09,06:20:00
269,0,24.65,36.08,738,-1.0,-1.0,1639031400,2021-12-09,06:30:00
270,1,25.52,34.03,809,-1.0,-1.0,1639032000,2021-12-09,06:40:00
271,0,30.78,35.33,798,-1.0,-1.0,1639032600,2021-12-09,06:50:00
272,0,28.98,33.26,796,-1.0,-1.0,1639033200,2021-12-09,07:00:00
273,0,29.6,34.56,788,-1.0,-1.0,1639033800,2021-12-09,07:10:00
274,0,40.45,35.84,826,-1.0,-1.0,1639034400,2021-12-09,07:20:00
275,0,29.76,36.08,807,-1.0,-1.0,1639035000,2021-12-09,07:30:00
276,0,22.35,36.08,768,-1.0,-1.0,1639035600,2021-12-09,07:40:00
277,0,23.5,36.08,753,-1.0,-1.0,1639036200,2021-12-09,07:50:00
278,0,24.93,36.54,782,-1.0,-1.0,1639036800,2021-12-09,08:00:00
279,0,23.98,38.62,803,-1.0,-1.0,1639037400,2021-12-09,08:10:00
280,0,33.88,40.03,808,-1.0,-1.0,1639038000,2021-12-09,08:20:00
281,0,40.26,45.8,769,-1.0,-1.0,1639038600,2021-12-09,08:30:00
282,0,29.74,29.94,818,-1.0,-1.0,1639039200,2021-12-09,08:40:00
283,0,31.8,29.62,804,-1.0,-1.0,1639039800,2021-12-09,08:50:00
284,0,28.96,29.62,822,-1.0,-1.0,1639040400,2021-12-09,09:00:00
285,1,33.62,29.6,826,-1.0,-1.0,1639041000,2021-12-09,09:10:00
286,-1,29.21,30.91,770,-1.0,-1.0,1639041600,2021-12-09,09:20:00
287,-1,35.67,37.22,801,28.9,13.0,1639042200,2021-12-09,09:30:00
288,4,35.9,30.13,812,27.9,15.0,1639042800,2021-12-09,09:40:00
289,5,33.61,30.13,820,27.2,16.0,1639043400,2021-12-09,09:50:00
290,6,35.9,30.13,820,27.3,16.0,1639044000,2021-12-09,10:00:00
291,9,33.09,30.13,822,27.4,16.0,1639044600,2021-12-09,10:10:00
292,9,29.73,38.14,827,27.3,16.0,1639045200,2021-12-09,10:20:00
293,9,30.51,38.6,821,27.2,16.0,1639045800,2021-12-09,10:30:00
294,9,39.79,34.9,829,27.3,16.0,1639046400,2021-12-09,10:40:00
295,10,28.96,38.87,849,27.5,16.0,1639047000,2021-12-09,10:50:00
296,10,35.9,37.4,785,27.6,16.0,1639047600,2021-12-09,11:00:00
297,10,36.12,36.98,812,27.6,15.0,1639048200,2021-12-09,11:10:00
298,11,38.87,36.98,828,27.6,16.0,1639048800,2021-12-09,11:20:00
299,11,35.89,33.76,829,27.6,16.0,1639049400,2021-12-09,11:30:00
300,11,33.08,34.28,789,27.7,16.0,1639050000,2021-12-09,11:40:00
301,10,30.23,33.5,809,27.8,16.0,1639050600,2021-12-09,11:50:00
302,9,35.66,33.91,865,27.7,16.0,1639051200,2021-12-09,12:00:00
303,10,37.02,34.02,846,27.7,16.0,1639051800,2021-12-09,12:10:00
304,10,41.91,34.22,826,27.8,16.0,1639052400,2021-12-09,12:20:00
305,10,43.66,34.54,884,27.8,16.0,1639053000,2021-12-09,12:30:00
306,13,37.72,34.54,837,27.8,16.0,1639053600,2021-12-09,12:40:00
307,11,35.67,25.32,874,27.8,16.0,1639054200,2021-12-09,12:50:00
308,11,36.12,30.02,821,27.8,16.0,1639054800,2021-12-09,13:00:00
309,13,36.95,41.11,849,27.9,16.0,1639055400,2021-12-09,13:10:00
310,18,34.86,29.82,839,28.2,16.0,1639056000,2021-12-09,13:20:00
311,15,35.86,29.1,854,28.1,17.0,1639056600,2021-12-09,13:30:00
312,13,37.47,29.86,849,28.3,17.0,1639057200,2021-12-09,13:40:00
313,13,37.02,26.49,832,28.4,17.0,1639057800,2021-12-09,13:50:00
314,14,36.12,42.77,806,28.1,17.0,1639058400,2021-12-09,14:00:00
315,15,38.37,29.86,976,28.2,17.0,1639059000,2021-12-09,14:10:00
316,18,37.26,18.33,816,28.0,17.0,1639059600,2021-12-09,14:20:00
317,19,35.66,25.03,967,28.0,17.0,1639060200,2021-12-09,14:30:00
318,20,35.67,29.61,819,28.3,17.0,1639060800,2021-12-09,14:40:00
319,18,37.54,21.13,960,28.1,17.0,1639061400,2021-12-09,14:50:00
320,19,35.9,22.72,959,28.1,17.0,1639062000,2021-12-09,15:00:00
321,20,38.19,23.59,973,28.1,17.0,1639062600,2021-12-09,15:10:00
322,22,34.64,22.43,973,28.0,17.0,1639063200,2021-12-09,15:20:00
323,21,31.29,28.74,826,28.1,17.0,1639063800,2021-12-09,15:30:00
324,18,31.54,29.09,961,28.2,17.0,1639064400,2021-12-09,15:40:00
325,17,31.8,26.78,988,28.3,17.0,1639065000,2021-12-09,15:50:00
326,22,31.8,32.97,975,28.3,17.0,1639065600,2021-12-09,16:00:00
327,21,29.21,26.48,981,28.3,17.0,1639066200,2021-12-09,16:10:00
328,16,26.36,26.77,1014,28.3,18.0,1639066800,2021-12-09,16:20:00
329,19,31.8,27.64,974,28.5,17.0,1639067400,2021-12-09,16:30:00
330,16,28.96,29.17,957,28.6,16.0,1639068000,2021-12-09,16:40:00
331,15,31.0,30.01,976,28.3,17.0,1639068600,2021-12-09,16:50:00
332,-1,29.47,29.08,1002,28.4,17.0,1639069200,2021-12-09,17:00:00
333,-1,32.26,24.1,1008,28.6,16.0,1639069800,2021-12-09,17:10:00
334,18,36.59,28.05,1010,28.5,17.0,1639070400,2021-12-09,17:20:00
335,18,35.9,27.64,989,28.7,17.0,1639071000,2021-12-09,17:30:00
336,16,14.75,28.58,989,28.4,17.0,1639071600,2021-12-09,17:40:00
337,16,32.84,26.48,998,28.3,18.0,1639072200,2021-12-09,17:50:00
338,18,35.9,29.96,975,28.2,18.0,1639072800,2021-12-09,18:00:00
339,19,20.41,28.06,1007,28.2,18.0,1639073400,2021-12-09,18:10:00
340,21,17.6,30.9,991,28.2,18.0,1639074000,2021-12-09,18:20:00
341,20,34.64,25.91,992,28.3,18.0,1639074600,2021-12-09,18:30:00
342,21,22.62,29.35,963,28.3,18.0,1639075200,2021-12-09,18:40:00
343,20,22.33,25.62,913,28.4,18.0,1639075800,2021-12-09,18:50:00
344,20,37.71,29.61,853,28.4,18.0,1639076400,2021-12-09,19:00:00
345,15,37.03,26.2,1011,28.2,18.0,1639077000,2021-12-09,19:10:00
346,12,7.16,10.72,997,28.4,18.0,1639077600,2021-12-09,19:20:00
347,12,11.53,8.66,999,28.1,18.0,1639078200,2021-12-09,19:30:00
348,12,11.26,9.54,803,28.0,18.0,1639078800,2021-12-09,19:40:00
349,14,20.78,19.2,976,28.0,18.0,1639079400,2021-12-09,19:50:00
350,13,22.63,8.36,816,27.8,18.0,1639080000,2021-12-09,20:00:00
351,12,9.78,8.89,992,27.9,18.0,1639080600,2021-12-09,20:10:00
352,11,21.73,9.24,976,27.9,18.0,1639081200,2021-12-09,20:20:00
353,11,30.0,10.12,806,27.9,18.0,1639081800,2021-12-09,20:30:00
354,12,17.6,24.17,957,28.0,18.0,1639082400,2021-12-09,20:40:00
355,12,16.02,22.15,967,27.8,18.0,1639083000,2021-12-09,20:50:00
356,10,29.48,22.15,1023,27.7,18.0,1639083600,2021-12-09,21:00:00
357,9,11.54,23.01,866,27.6,19.0,1639084200,2021-12-09,21:10:00
358,10,10.38,32.21,848,27.7,19.0,1639084800,2021-12-09,21:20:00
359,8,9.21,31.95,874,27.5,19.0,1639085400,2021-12-09,21:30:00
360,8,8.91,24.18,851,27.4,19.0,1639086000,2021-12-09,21:40:00
361,7,9.79,25.05,710,27.3,19.0,1639086600,2021-12-09,21:50:00
362,7,10.35,30.29,880,27.3,19.0,1639087200,2021-12-09,22:00:00
363,6,10.0,30.13,895,27.2,19.0,1639087800,2021-12-09,22:10:00
364,7,9.9,24.76,852,-1.0,-1.0,1639088400,2021-12-09,22:20:00
365,5,11.84,13.06,889,-1.0,-1.0,1639089000,2021-12-09,22:30:00
366,6,8.62,13.06,935,-1.0,-1.0,1639089600,2021-12-09,22:40:00
367,6,9.21,27.37,880,-1.0,-1.0,1639090200,2021-12-09,22:50:00
368,6,10.08,13.95,891,-1.0,-1.0,1639090800,2021-12-09,23:00:00
369,6,8.91,23.6,884,-1.0,-1.0,1639091400,2021-12-09,23:10:00
370,4,8.91,24.47,917,-1.0,-1.0,1639092000,2021-12-09,23:20:00
371,3,8.62,24.47,891,-1.0,-1.0,1639092600,2021-12-09,23:30:00
372,2,8.62,25.34,842,-1.0,-1.0,1639093200,2021-12-09,23:40:00
373,1,9.49,26.04,866,-1.0,-1.0,1639093800,2021-12-09,23:50:00
374,0,12.13,26.38,908,-1.0,-1.0,1639094400,2021-12-10,00:00:00
375,0,9.21,27.07,878,-1.0,-1.0,1639095000,2021-12-10,00:10:00
376,0,9.21,27.6,899,-1.0,-1.0,1639095600,2021-12-10,00:20:00
377,0,10.09,27.95,875,-1.0,-1.0,1639096200,2021-12-10,00:30:00
378,0,11.84,28.63,889,-1.0,-1.0,1639096800,2021-12-10,00:40:00
379,0,8.92,28.81,871,-1.0,-1.0,1639097400,2021-12-10,00:50:00
380,0,9.78,30.03,931,-1.0,-1.0,1639098000,2021-12-10,01:00:00
381,0,10.84,29.12,862,-1.0,-1.0,1639098600,2021-12-10,01:10:00
382,0,12.42,30.15,891,-1.0,-1.0,1639099200,2021-12-10,01:20:00
383,0,8.97,30.13,870,-1.0,-1.0,1639099800,2021-12-10,01:30:00
384,0,9.49,30.14,870,-1.0,-1.0,1639100400,2021-12-10,01:40:00
385,0,10.38,30.14,875,-1.0,-1.0,1639101000,2021-12-10,01:50:00
386,0,13.01,29.98,875,-1.0,-1.0,1639101600,2021-12-10,02:00:00
387,0,10.09,29.36,881,-1.0,-1.0,1639102200,2021-12-10,02:10:00
388,0,9.21,29.36,870,-1.0,-1.0,1639102800,2021-12-10,02:20:00
389,0,10.09,29.36,858,-1.0,-1.0,1639103400,2021-12-10,02:30:00
390,0,10.96,29.37,873,-1.0,-1.0,1639104000,2021-12-10,02:40:00
391,0,12.71,29.36,869,-1.0,-1.0,1639104600,2021-12-10,02:50:00
392,0,13.59,29.88,843,-1.0,-1.0,1639105200,2021-12-10,03:00:00
393,0,9.79,30.66,892,-1.0,-1.0,1639105800,2021-12-10,03:10:00
394,0,9.79,30.66,875,-1.0,-1.0,1639106400,2021-12-10,03:20:00
395,0,9.8,29.88,859,-1.0,-1.0,1639107000,2021-12-10,03:30:00
396,0,10.67,29.89,860,-1.0,-1.0,1639107600,2021-12-10,03:40:00
397,0,10.67,29.89,869,-1.0,-1.0,1639108200,2021-12-10,03:50:00
398,0,13.3,29.88,880,-1.0,-1.0,1639108800,2021-12-10,04:00:00
399,0,9.49,35.6,865,-1.0,-1.0,1639109400,2021-12-10,04:10:00
400,0,9.49,35.59,866,-1.0,-1.0,1639110000,2021-12-10,04:20:00
401,0,9.49,35.6,863,-1.0,-1.0,1639110600,2021-12-10,04:30:00
402,0,9.49,35.6,877,-1.0,-1.0,1639111200,2021-12-10,04:40:00
403,0,10.38,35.6,872,-1.0,-1.0,1639111800,2021-12-10,04:50:00
404,0,11.26,36.08,845,-1.0,-1.0,1639112400,2021-12-10,05:00:00
405,0,12.13,30.4,891,-1.0,-1.0,1639113000,2021-12-10,05:10:00
406,0,13.71,30.4,862,-1.0,-1.0,1639113600,2021-12-10,05:20:00
407,0,10.09,36.08,914,-1.0,-1.0,1639114200,2021-12-10,05:30:00
408,0,10.09,36.08,849,-1.0,-1.0,1639114800,2021-12-10,05:40:00
409,0,10.09,36.08,859,-1.0,-1.0,1639115400,2021-12-10,05:50:00
410,0,10.78,14.24,820,-1.0,-1.0,1639116000,2021-12-10,06:00:00
411,0,10.96,14.25,861,-1.0,-1.0,1639116600,2021-12-10,06:10:00
412,0,10.96,12.95,851,-1.0,-1.0,1639117200,2021-12-10,06:20:00
413,0,37.98,32.75,867,-1.0,-1.0,1639117800,2021-12-10,06:30:00
414,1,38.53,32.74,866,-1.0,-1.0,1639118400,2021-12-10,06:40:00
415,0,34.41,34.05,841,-1.0,-1.0,1639119000,2021-12-10,06:50:00
416,0,35.58,29.63,835,-1.0,-1.0,1639119600,2021-12-10,07:00:00
417,0,32.85,30.52,887,-1.0,-1.0,1639120200,2021-12-10,07:10:00
418,0,30.78,29.89,849,-1.0,-1.0,1639120800,2021-12-10,07:20:00
419,0,30.79,29.73,861,-1.0,-1.0,1639121400,2021-12-10,07:30:00
420,0,30.01,29.11,844,-1.0,-1.0,1639122000,2021-12-10,07:40:00
421,0,38.44,29.11,860,-1.0,-1.0,1639122600,2021-12-10,07:50:00
422,0,36.83,29.11,849,-1.0,-1.0,1639123200,2021-12-10,08:00:00
423,0,37.57,30.15,837,-1.0,-1.0,1639123800,2021-12-10,08:10:00
424,0,35.69,30.4,839,-1.0,-1.0,1639124400,2021-12-10,08:20:00
425,1,36.15,29.88,833,-1.0,-1.0,1639125000,2021-12-10,08:30:00
426,1,37.05,29.11,825,-1.0,-1.0,1639125600,2021-12-10,08:40:00
427,1,35.69,29.11,836,-1.0,-1.0,1639126200,2021-12-10,08:50:00
428,1,34.91,29.11,778,-1.0,-1.0,1639126800,2021-12-10,09:00:00
429,4,34.13,29.62,846,-1.0,-1.0,1639127400,2021-12-10,09:10:00
430,5,29.49,29.62,877,-1.0,-1.0,1639128000,2021-12-10,09:20:00
431,6,29.48,29.62,806,-1.0,-1.0,1639128600,2021-12-10,09:30:00
432,8,33.35,34.19,825,-1.0,-1.0,1639129200,2021-12-10,09:40:00
433,9,32.58,35.76,815,-1.0,-1.0,1639129800,2021-12-10,09:50:00
434,7,33.87,34.55,854,28.1,13.0,1639130400,2021-12-10,10:00:00
435,9,35.68,34.55,812,27.2,14.0,1639131000,2021-12-10,10:10:00
436,8,35.42,34.55,795,26.4,16.0,1639131600,2021-12-10,10:20:00
437,8,34.39,35.59,857,26.2,16.0,1639132200,2021-12-10,10:30:00
438,-1,34.91,35.85,797,26.3,16.0,1639132800,2021-12-10,10:40:00
439,-1,35.77,37.24,819,26.3,16.0,1639133400,2021-12-10,10:50:00
440,12,35.67,34.04,816,26.3,16.0,1639134000,2021-12-10,11:00:00
441,12,30.51,35.33,805,26.4,16.0,1639134600,2021-12-10,11:10:00
442,12,29.77,35.84,813,26.7,15.0,1639135200,2021-12-10,11:20:00
443,-1,36.73,30.14,813,26.6,15.0,1639135800,2021-12-10,11:30:00
444,-1,28.96,33.52,766,26.6,15.0,1639136400,2021-12-10,11:40:00
445,12,30.25,36.53,808,26.7,15.0,1639137000,2021-12-10,11:50:00
446,12,36.59,35.33,801,26.6,15.0,1639137600,2021-12-10,12:00:00
447,12,42.3,36.12,810,26.5,15.0,1639138200,2021-12-10,12:10:00
448,12,43.3,39.3,848,26.3,16.0,1639138800,2021-12-10,12:20:00
449,13,30.0,34.45,765,26.2,16.0,1639139400,2021-12-10,12:30:00
450,9,36.37,35.85,784,26.0,16.0,1639140000,2021-12-10,12:40:00
451,11,28.96,46.76,799,26.0,16.0,1639140600,2021-12-10,12:50:00
452,13,29.23,36.07,799,25.9,16.0,1639141200,2021-12-10,13:00:00
453,17,29.99,29.62,828,26.1,16.0,1639141800,2021-12-10,13:10:00
454,17,28.96,33.26,767,26.3,16.0,1639142400,2021-12-10,13:20:00
455,18,34.13,35.33,759,26.3,17.0,1639143000,2021-12-10,13:30:00
456,16,37.96,30.13,847,26.5,17.0,1639143600,2021-12-10,13:40:00
457,18,29.73,29.35,795,26.4,17.0,1639144200,2021-12-10,13:50:00
458,20,29.73,37.9,791,26.7,16.0,1639144800,2021-12-10,14:00:00
459,23,31.03,36.9,779,27.1,16.0,1639145400,2021-12-10,14:10:00
460,22,38.78,35.84,789,26.7,16.0,1639146000,2021-12-10,14:20:00
461,19,31.03,30.13,766,27.0,16.0,1639146600,2021-12-10,14:30:00
462,19,30.25,30.13,784,26.8,16.0,1639147200,2021-12-10,14:40:00
463,22,32.58,36.3,788,26.8,16.0,1639147800,2021-12-10,14:50:00
464,23,31.03,34.54,763,27.0,17.0,1639148400,2021-12-10,15:00:00
465,22,35.16,29.82,843,27.1,17.0,1639149000,2021-12-10,15:10:00
466,19,17.93,25.92,779,26.9,17.0,1639149600,2021-12-10,15:20:00
467,19,19.2,32.21,749,26.8,17.0,1639150200,2021-12-10,15:30:00
468,20,22.06,29.62,821,27.1,17.0,1639150800,2021-12-10,15:40:00
469,18,21.11,30.13,784,27.2,17.0,1639151400,2021-12-10,15:50:00
470,19,19.2,34.25,775,27.2,17.0,1639152000,2021-12-10,16:00:00
471,16,21.03,27.65,774,27.4,16.0,1639152600,2021-12-10,16:10:00
472,19,22.06,38.47,747,27.3,16.0,1639153200,2021-12-10,16:20:00
473,18,29.12,33.0,768,27.5,16.0,1639153800,2021-12-10,16:30:00
474,18,29.07,34.29,755,27.5,16.0,1639154400,2021-12-10,16:40:00
475,17,30.0,39.98,769,27.3,16.0,1639155000,2021-12-10,16:50:00
476,19,29.23,36.62,754,27.3,16.0,1639155600,2021-12-10,17:00:00
477,19,20.47,32.73,799,27.5,15.0,1639156200,2021-12-10,17:10:00
478,16,26.09,35.84,828,27.5,16.0,1639156800,2021-12-10,17:20:00
479,15,22.35,36.07,777,27.7,15.0,1639157400,2021-12-10,17:30:00
480,16,22.06,43.14,758,27.6,15.0,1639158000,2021-12-10,17:40:00
481,17,22.35,45.54,764,27.7,15.0,1639158600,2021-12-10,17:50:00
482,19,28.17,35.84,728,27.5,15.0,1639159200,2021-12-10,18:00:00
483,20,33.36,29.88,803,26.2,16.0,1639159800,2021-12-10,18:10:00
484,18,29.49,29.62,798,25.9,15.0,1639160400,2021-12-10,18:20:00
485,20,28.97,37.0,810,26.3,16.0,1639161000,2021-12-10,18:30:00
486,16,26.09,29.62,806,26.8,15.0,1639161600,2021-12-10,18:40:00
487,16,31.29,19.29,801,26.9,15.0,1639162200,2021-12-10,18:50:00
488,18,29.49,30.66,815,27.1,15.0,1639162800,2021-12-10,19:00:00
489,13,29.21,30.4,861,26.8,15.0,1639163400,2021-12-10,19:10:00
490,13,29.48,47.14,826,26.6,16.0,1639164000,2021-12-10,19:20:00
491,12,29.76,11.89,826,26.7,16.0,1639164600,2021-12-10,19:30:00
492,10,28.62,12.78,912,26.7,16.0,1639165200,2021-12-10,19:40:00
493,8,25.22,13.95,842,26.7,15.0,1639165800,2021-12-10,19:50:00
494,6,29.49,20.56,849,26.7,16.0,1639166400,2021-12-10,20:00:00
495,9,29.48,23.03,839,26.7,16.0,1639167000,2021-12-10,20:10:00
496,9,34.4,22.44,846,26.7,16.0,1639167600,2021-12-10,20:20:00
497,8,32.17,29.1,838,26.7,16.0,1639168200,2021-12-10,20:30:00
498,8,29.49,11.01,-1,-1.0,-1.0,1639168800,2021-12-10,20:40:00
499,8,31.6,33.24,-1,-1.0,-1.0,1639169400,2021-12-10,20:50:00
500,5,36.37,28.81,-1,-1.0,-1.0,1639170000,2021-12-10,21:00:00
501,3,33.62,29.36,-1,-1.0,-1.0,1639170600,2021-12-10,21:10:00
502,3,28.96,29.1,-1,-1.0,-1.0,1639171200,2021-12-10,21:20:00
503,4,28.97,29.62,-1,-1.0,-1.0,1639171800,2021-12-10,21:30:00
504,2,29.49,29.36,-1,-1.0,-1.0,1639172400,2021-12-10,21:40:00
505,4,29.47,29.64,-1,-1.0,-1.0,1639173000,2021-12-10,21:50:00
506,3,26.09,30.14,-1,-1.0,-1.0,1639173600,2021-12-10,22:00:00
507,2,29.99,28.52,-1,-1.0,-1.0,1639174200,2021-12-10,22:10:00
508,2,30.0,27.54,-1,-1.0,-1.0,1639174800,2021-12-10,22:20:00
509,3,33.62,29.07,-1,-1.0,-1.0,1639175400,2021-12-10,22:30:00
510,3,31.03,25.05,-1,-1.0,-1.0,1639176000,2021-12-10,22:40:00
511,1,30.25,30.29,-1,-1.0,-1.0,1639176600,2021-12-10,22:50:00
512,0,28.96,24.76,-1,-1.0,-1.0,1639177200,2021-12-10,23:00:00
513,1,28.96,29.35,-1,-1.0,-1.0,1639177800,2021-12-10,23:10:00
514,2,32.32,29.88,-1,-1.0,-1.0,1639178400,2021-12-10,23:20:00
515,-1,30.1,25.34,-1,-1.0,-1.0,1639179000,2021-12-10,23:30:00
516,-1,30.78,26.21,-1,-1.0,-1.0,1639179600,2021-12-10,23:40:00
517,1,29.74,29.62,-1,-1.0,-1.0,1639180200,2021-12-10,23:50:00
518,0,28.96,25.05,-1,-1.0,-1.0,1639180800,2021-12-11,00:00:00
519,0,30.25,22.15,-1,-1.0,-1.0,1639181400,2021-12-11,00:10:00
520,0,33.61,28.35,-1,-1.0,-1.0,1639182000,2021-12-11,00:20:00
521,0,33.87,25.63,-1,-1.0,-1.0,1639182600,2021-12-11,00:30:00
522,0,33.87,23.6,-1,-1.0,-1.0,1639183200,2021-12-11,00:40:00
523,0,33.09,21.44,-1,-1.0,-1.0,1639183800,2021-12-11,00:50:00
524,0,30.25,22.45,-1,-1.0,-1.0,1639184400,2021-12-11,01:00:00
525,0,28.97,22.45,-1,-1.0,-1.0,1639185000,2021-12-11,01:10:00
526,0,28.96,22.45,-1,-1.0,-1.0,1639185600,2021-12-11,01:20:00
527,0,29.49,22.45,-1,-1.0,-1.0,1639186200,2021-12-11,01:30:00
528,0,29.49,22.45,-1,-1.0,-1.0,1639186800,2021-12-11,01:40:00
529,0,29.49,24.47,-1,-1.0,-1.0,1639187400,2021-12-11,01:50:00
530,0,30.52,24.59,-1,-1.0,-1.0,1639188000,2021-12-11,02:00:00
531,0,30.0,22.45,-1,-1.0,-1.0,1639188600,2021-12-11,02:10:00
532,0,35.43,22.45,-1,-1.0,-1.0,1639189200,2021-12-11,02:20:00
533,0,35.91,23.32,-1,-1.0,-1.0,1639189800,2021-12-11,02:30:00
534,0,34.9,24.18,-1,-1.0,-1.0,1639190400,2021-12-11,02:40:00
535,0,34.64,24.18,-1,-1.0,-1.0,1639191000,2021-12-11,02:50:00
536,0,33.36,25.05,-1,-1.0,-1.0,1639191600,2021-12-11,03:00:00
537,0,33.36,25.05,-1,-1.0,-1.0,1639192200,2021-12-11,03:10:00
538,0,33.77,25.92,-1,-1.0,-1.0,1639192800,2021-12-11,03:20:00
539,0,32.58,25.92,-1,-1.0,-1.0,1639193400,2021-12-11,03:30:00
540,0,32.59,26.79,-1,-1.0,-1.0,1639194000,2021-12-11,03:40:00
541,0,32.59,27.48,-1,-1.0,-1.0,1639194600,2021-12-11,03:50:00
542,0,31.82,27.66,-1,-1.0,-1.0,1639195200,2021-12-11,04:00:00
543,0,31.81,29.37,-1,-1.0,-1.0,1639195800,2021-12-11,04:10:00
544,0,30.52,28.62,-1,-1.0,-1.0,1639196400,2021-12-11,04:20:00
545,0,31.81,25.63,-1,-1.0,-1.0,1639197000,2021-12-11,04:30:00
546,0,29.74,26.32,-1,-1.0,-1.0,1639197600,2021-12-11,04:40:00
547,0,29.74,26.5,-1,-1.0,-1.0,1639198200,2021-12-11,04:50:00
548,0,29.74,27.02,-1,-1.0,-1.0,1639198800,2021-12-11,05:00:00
549,0,29.74,27.87,-1,-1.0,-1.0,1639199400,2021-12-11,05:10:00
550,0,29.43,29.88,-1,-1.0,-1.0,1639200000,2021-12-11,05:20:00
551,0,28.96,32.01,-1,-1.0,-1.0,1639200600,2021-12-11,05:30:00
552,0,28.97,29.1,-1,-1.0,-1.0,1639201200,2021-12-11,05:40:00
553,0,28.96,25.34,-1,-1.0,-1.0,1639201800,2021-12-11,05:50:00
554,0,28.96,25.34,-1,-1.0,-1.0,1639202400,2021-12-11,06:00:00
555,0,28.96,26.21,-1,-1.0,-1.0,1639203000,2021-12-11,06:10:00
556,0,29.48,26.21,-1,-1.0,-1.0,1639203600,2021-12-11,06:20:00
557,0,29.48,26.21,-1,-1.0,-1.0,1639204200,2021-12-11,06:30:00
558,1,29.49,26.38,-1,-1.0,-1.0,1639204800,2021-12-11,06:40:00
559,0,29.48,26.91,-1,-1.0,-1.0,1639205400,2021-12-11,06:50:00
560,0,29.48,27.07,-1,-1.0,-1.0,1639206000,2021-12-11,07:00:00
561,0,29.49,28.1,-1,-1.0,-1.0,1639206600,2021-12-11,07:10:00
562,0,30.52,27.96,-1,-1.0,-1.0,1639207200,2021-12-11,07:20:00
563,0,35.91,28.96,-1,-1.0,-1.0,1639207800,2021-12-11,07:30:00
564,0,36.37,32.79,-1,-1.0,-1.0,1639208400,2021-12-11,07:40:00
565,0,36.92,32.48,-1,-1.0,-1.0,1639209000,2021-12-11,07:50:00
566,0,37.27,32.47,-1,-1.0,-1.0,1639209600,2021-12-11,08:00:00
567,0,32.79,24.18,-1,-1.0,-1.0,1639210200,2021-12-11,08:10:00
568,0,29.48,24.16,-1,-1.0,-1.0,1639210800,2021-12-11,08:20:00
569,0,29.49,24.53,-1,-1.0,-1.0,1639211400,2021-12-11,08:30:00
570,0,29.48,24.88,-1,-1.0,-1.0,1639212000,2021-12-11,08:40:00
571,0,29.49,25.05,-1,-1.0,-1.0,1639212600,2021-12-11,08:50:00
572,1,33.62,25.05,-1,-1.0,-1.0,1639213200,2021-12-11,09:00:00
573,3,32.32,25.05,-1,-1.0,-1.0,1639213800,2021-12-11,09:10:00
574,6,31.29,25.05,-1,-1.0,-1.0,1639214400,2021-12-11,09:20:00
575,6,34.91,25.92,-1,-1.0,-1.0,1639215000,2021-12-11,09:30:00
576,5,34.91,25.93,-1,-1.0,-1.0,1639215600,2021-12-11,09:40:00
577,6,34.91,25.93,-1,-1.0,-1.0,1639216200,2021-12-11,09:50:00
578,6,35.15,26.79,-1,-1.0,-1.0,1639216800,2021-12-11,10:00:00
579,8,35.42,27.48,-1,-1.0,-1.0,1639217400,2021-12-11,10:10:00
580,9,37.29,27.65,-1,-1.0,-1.0,1639218000,2021-12-11,10:20:00
581,9,30.26,28.34,-1,-1.0,-1.0,1639218600,2021-12-11,10:30:00
582,9,29.48,25.05,-1,-1.0,-1.0,1639219200,2021-12-11,10:40:00
583,8,29.49,23.03,-1,-1.0,-1.0,1639219800,2021-12-11,10:50:00
584,9,30.0,23.03,-1,-1.0,-1.0,1639220400,2021-12-11,11:00:00
585,7,30.0,23.03,-1,-1.0,-1.0,1639221000,2021-12-11,11:10:00
586,7,30.0,23.03,-1,-1.0,-1.0,1639221600,2021-12-11,11:20:00
587,8,29.22,23.89,-1,-1.0,-1.0,1639222200,2021-12-11,11:30:00
588,9,35.25,23.89,-1,-1.0,-1.0,1639222800,2021-12-11,11:40:00
589,11,35.42,23.89,-1,-1.0,-1.0,1639223400,2021-12-11,11:50:00
590,10,35.91,23.89,-1,-1.0,-1.0,1639224000,2021-12-11,12:00:00
591,10,35.91,24.24,-1,-1.0,-1.0,1639224600,2021-12-11,12:10:00
592,9,29.49,24.76,-1,-1.0,-1.0,1639225200,2021-12-11,12:20:00
593,9,40.39,24.93,-1,-1.0,-1.0,1639225800,2021-12-11,12:30:00
594,9,40.4,25.63,-1,-1.0,-1.0,1639226400,2021-12-11,12:40:00
595,6,37.51,25.63,-1,-1.0,-1.0,1639227000,2021-12-11,12:50:00
596,7,35.25,25.8,-1,-1.0,-1.0,1639227600,2021-12-11,13:00:00
597,9,28.97,26.5,-1,-1.0,-1.0,1639228200,2021-12-11,13:10:00
598,8,29.8,26.67,-1,-1.0,-1.0,1639228800,2021-12-11,13:20:00
599,10,31.03,27.03,-1,-1.0,-1.0,1639229400,2021-12-11,13:30:00
600,10,36.19,29.76,-1,-1.0,-1.0,1639230000,2021-12-11,13:40:00
601,11,39.12,31.36,-1,-1.0,-1.0,1639230600,2021-12-11,13:50:00
602,12,27.62,36.34,-1,-1.0,-1.0,1639231200,2021-12-11,14:00:00
603,16,30.78,31.46,-1,-1.0,-1.0,1639231800,2021-12-11,14:10:00
604,16,29.74,29.68,-1,-1.0,-1.0,1639232400,2021-12-11,14:20:00
605,17,29.74,29.1,-1,-1.0,-1.0,1639233000,2021-12-11,14:30:00
606,15,34.14,29.1,-1,-1.0,-1.0,1639233600,2021-12-11,14:40:00
607,11,22.92,24.71,-1,-1.0,-1.0,1639234200,2021-12-11,14:50:00
608,11,29.49,23.6,-1,-1.0,-1.0,1639234800,2021-12-11,15:00:00
609,8,32.59,23.6,-1,-1.0,-1.0,1639235400,2021-12-11,15:10:00
610,9,29.53,23.6,-1,-1.0,-1.0,1639236000,2021-12-11,15:20:00
611,9,24.08,23.95,-1,-1.0,-1.0,1639236600,2021-12-11,15:30:00
612,8,30.43,24.47,-1,-1.0,-1.0,1639237200,2021-12-11,15:40:00
613,8,25.51,24.48,-1,-1.0,-1.0,1639237800,2021-12-11,15:50:00
614,6,35.69,24.65,-1,-1.0,-1.0,1639238400,2021-12-11,16:00:00
615,6,34.91,24.48,-1,-1.0,-1.0,1639239000,2021-12-11,16:10:00
616,6,29.75,24.65,-1,-1.0,-1.0,1639239600,2021-12-11,16:20:00
617,6,28.97,24.48,-1,-1.0,-1.0,1639240200,2021-12-11,16:30:00
618,7,23.5,25.34,-1,-1.0,-1.0,1639240800,2021-12-11,16:40:00
619,7,25.23,33.88,-1,-1.0,-1.0,1639241400,2021-12-11,16:50:00
620,6,30.52,30.13,-1,-1.0,-1.0,1639242000,2021-12-11,17:00:00
621,6,24.08,26.79,-1,-1.0,-1.0,1639242600,2021-12-11,17:10:00
622,5,26.49,29.36,-1,-1.0,-1.0,1639243200,2021-12-11,17:20:00
623,6,29.75,29.36,-1,-1.0,-1.0,1639243800,2021-12-11,17:30:00
624,7,27.21,29.36,-1,-1.0,-1.0,1639244400,2021-12-11,17:40:00
625,7,27.06,29.88,-1,-1.0,-1.0,1639245000,2021-12-11,17:50:00
626,6,29.76,29.88,-1,-1.0,-1.0,1639245600,2021-12-11,18:00:00
627,10,22.92,29.88,-1,-1.0,-1.0,1639246200,2021-12-11,18:10:00
628,10,29.49,29.89,-1,-1.0,-1.0,1639246800,2021-12-11,18:20:00
629,10,29.23,29.89,-1,-1.0,-1.0,1639247400,2021-12-11,18:30:00
630,11,22.35,11.6,-1,-1.0,-1.0,1639248000,2021-12-11,18:40:00
631,10,22.23,33.05,-1,-1.0,-1.0,1639248600,2021-12-11,18:50:00
632,10,23.44,30.14,-1,-1.0,-1.0,1639249200,2021-12-11,19:00:00
633,13,21.75,29.36,-1,-1.0,-1.0,1639249800,2021-12-11,19:10:00
634,11,22.64,29.36,884,28.1,17.0,1639250400,2021-12-11,19:20:00
635,12,26.61,29.37,-1,-1.0,-1.0,1639251000,2021-12-11,19:30:00
636,11,22.35,29.36,-1,-1.0,-1.0,1639251600,2021-12-11,19:40:00
637,12,25.23,36.77,-1,-1.0,-1.0,1639252200,2021-12-11,19:50:00
638,12,35.17,11.01,-1,-1.0,-1.0,1639252800,2021-12-11,20:00:00
639,11,27.73,40.91,-1,-1.0,-1.0,1639253400,2021-12-11,20:10:00
640,10,34.65,11.89,-1,-1.0,-1.0,1639254000,2021-12-11,20:20:00
641,9,29.22,33.51,-1,-1.0,-1.0,1639254600,2021-12-11,20:30:00
642,9,29.74,11.6,-1,-1.0,-1.0,1639255200,2021-12-11,20:40:00
643,10,29.75,11.6,-1,-1.0,-1.0,1639255800,2021-12-11,20:50:00
644,10,28.98,29.37,-1,-1.0,-1.0,1639256400,2021-12-11,21:00:00
645,11,28.98,29.36,-1,-1.0,-1.0,1639257000,2021-12-11,21:10:00
646,10,29.49,30.14,-1,-1.0,-1.0,1639257600,2021-12-11,21:20:00
647,10,30.78,30.14,-1,-1.0,-1.0,1639258200,2021-12-11,21:30:00
648,7,37.51,30.15,-1,-1.0,-1.0,1639258800,2021-12-11,21:40:00
649,7,35.91,30.15,-1,-1.0,-1.0,1639259400,2021-12-11,21:50:00
650,8,33.11,30.15,-1,-1.0,-1.0,1639260000,2021-12-11,22:00:00
651,5,33.0,30.15,-1,-1.0,-1.0,1639260600,2021-12-11,22:10:00
652,5,32.89,30.92,-1,-1.0,-1.0,1639261200,2021-12-11,22:20:00
653,6,29.49,31.28,-1,-1.0,-1.0,1639261800,2021-12-11,22:30:00
654,6,29.69,45.92,-1,-1.0,-1.0,1639262400,2021-12-11,22:40:00
655,6,27.53,49.48,-1,-1.0,-1.0,1639263000,2021-12-11,22:50:00
656,6,29.75,36.78,-1,-1.0,-1.0,1639263600,2021-12-11,23:00:00
657,6,28.28,36.78,-1,-1.0,-1.0,1639264200,2021-12-11,23:10:00
658,5,28.63,36.77,-1,-1.0,-1.0,1639264800,2021-12-11,23:20:00
659,4,29.38,36.77,-1,-1.0,-1.0,1639265400,2021-12-11,23:30:00
660,4,29.49,36.78,-1,-1.0,-1.0,1639266000,2021-12-11,23:40:00
661,4,29.49,36.78,-1,-1.0,-1.0,1639266600,2021-12-11,23:50:00
662,2,26.96,36.87,-1,-1.0,-1.0,1639267200,2021-12-12,00:00:00
663,0,23.04,37.24,-1,-1.0,-1.0,1639267800,2021-12-12,00:10:00
664,0,28.73,37.24,-1,-1.0,-1.0,1639268400,2021-12-12,00:20:00
665,0,22.06,37.42,-1,-1.0,-1.0,1639269000,2021-12-12,00:30:00
666,0,24.29,37.33,-1,-1.0,-1.0,1639269600,2021-12-12,00:40:00
667,0,29.76,37.7,-1,-1.0,-1.0,1639270200,2021-12-12,00:50:00
668,0,28.98,37.7,-1,-1.0,-1.0,1639270800,2021-12-12,01:00:00
669,0,28.98,41.79,-1,-1.0,-1.0,1639271400,2021-12-12,01:10:00
670,0,22.36,44.84,-1,-1.0,-1.0,1639272000,2021-12-12,01:20:00
671,0,29.29,46.84,-1,-1.0,-1.0,1639272600,2021-12-12,01:30:00
672,0,22.06,44.63,-1,-1.0,-1.0,1639273200,2021-12-12,01:40:00
673,0,22.06,44.45,-1,-1.0,-1.0,1639273800,2021-12-12,01:50:00
674,0,23.79,46.57,-1,-1.0,-1.0,1639274400,2021-12-12,02:00:00
675,0,28.29,46.31,-1,-1.0,-1.0,1639275000,2021-12-12,02:10:00
676,0,21.75,46.67,-1,-1.0,-1.0,1639275600,2021-12-12,02:20:00
677,0,22.64,46.58,-1,-1.0,-1.0,1639276200,2021-12-12,02:30:00
678,0,22.64,46.32,-1,-1.0,-1.0,1639276800,2021-12-12,02:40:00
679,0,23.85,48.99,-1,-1.0,-1.0,1639277400,2021-12-12,02:50:00
680,0,28.35,49.67,-1,-1.0,-1.0,1639278000,2021-12-12,03:00:00
681,0,22.35,51.02,-1,-1.0,-1.0,1639278600,2021-12-12,03:10:00
682,0,22.36,51.03,-1,-1.0,-1.0,1639279200,2021-12-12,03:20:00
683,0,23.22,51.03,-1,-1.0,-1.0,1639279800,2021-12-12,03:30:00
684,0,25.64,34.32,-1,-1.0,-1.0,1639280400,2021-12-12,03:40:00
685,0,28.4,30.15,-1,-1.0,-1.0,1639281000,2021-12-12,03:50:00
686,0,22.06,30.15,-1,-1.0,-1.0,1639281600,2021-12-12,04:00:00
687,0,23.1,30.15,-1,-1.0,-1.0,1639282200,2021-12-12,04:10:00
688,0,24.66,30.15,-1,-1.0,-1.0,1639282800,2021-12-12,04:20:00
689,0,29.76,30.15,-1,-1.0,-1.0,1639283400,2021-12-12,04:30:00
690,0,28.98,30.15,-1,-1.0,-1.0,1639284000,2021-12-12,04:40:00
691,0,22.64,29.99,-1,-1.0,-1.0,1639284600,2021-12-12,04:50:00
692,0,22.64,29.37,-1,-1.0,-1.0,1639285200,2021-12-12,05:00:00
693,0,23.16,29.37,-1,-1.0,-1.0,1639285800,2021-12-12,05:10:00
694,0,28.98,29.37,-1,-1.0,-1.0,1639286400,2021-12-12,05:20:00
695,0,28.97,29.37,-1,-1.0,-1.0,1639287000,2021-12-12,05:30:00
696,0,28.98,29.37,-1,-1.0,-1.0,1639287600,2021-12-12,05:40:00
697,0,28.98,29.37,-1,-1.0,-1.0,1639288200,2021-12-12,05:50:00
698,0,28.98,29.37,-1,-1.0,-1.0,1639288800,2021-12-12,06:00:00
699,0,28.98,29.37,-1,-1.0,-1.0,1639289400,2021-12-12,06:10:00
700,0,26.1,29.37,-1,-1.0,-1.0,1639290000,2021-12-12,06:20:00
701,0,22.35,29.37,-1,-1.0,-1.0,1639290600,2021-12-12,06:30:00
702,0,22.35,29.37,-1,-1.0,-1.0,1639291200,2021-12-12,06:40:00
703,0,22.35,29.37,-1,-1.0,-1.0,1639291800,2021-12-12,06:50:00
704,0,22.35,29.37,-1,-1.0,-1.0,1639292400,2021-12-12,07:00:00
705,0,22.35,29.37,-1,-1.0,-1.0,1639293000,2021-12-12,07:10:00
706,0,23.05,29.37,-1,-1.0,-1.0,1639293600,2021-12-12,07:20:00
707,0,24.25,29.37,-1,-1.0,-1.0,1639294200,2021-12-12,07:30:00
708,0,30.01,29.37,-1,-1.0,-1.0,1639294800,2021-12-12,07:40:00
709,0,30.01,32.0,-1,-1.0,-1.0,1639295400,2021-12-12,07:50:00
710,0,30.01,36.78,-1,-1.0,-1.0,1639296000,2021-12-12,08:00:00
711,0,30.01,30.85,-1,-1.0,-1.0,1639296600,2021-12-12,08:10:00
712,0,22.06,30.85,-1,-1.0,-1.0,1639297200,2021-12-12,08:20:00
713,0,22.06,36.78,-1,-1.0,-1.0,1639297800,2021-12-12,08:30:00
714,0,22.06,29.37,-1,-1.0,-1.0,1639298400,2021-12-12,08:40:00
715,0,22.06,29.37,-1,-1.0,-1.0,1639299000,2021-12-12,08:50:00
716,0,22.92,36.78,-1,-1.0,-1.0,1639299600,2021-12-12,09:00:00
717,1,23.62,36.78,-1,-1.0,-1.0,1639300200,2021-12-12,09:10:00
718,1,25.01,35.3,-1,-1.0,-1.0,1639300800,2021-12-12,09:20:00
719,1,30.54,35.4,-1,-1.0,-1.0,1639301400,2021-12-12,09:30:00
720,1,30.54,37.24,-1,-1.0,-1.0,1639302000,2021-12-12,09:40:00
721,1,30.52,36.87,-1,-1.0,-1.0,1639302600,2021-12-12,09:50:00
722,2,30.53,37.24,-1,-1.0,-1.0,1639303200,2021-12-12,10:00:00
723,3,30.54,37.24,-1,-1.0,-1.0,1639303800,2021-12-12,10:10:00
724,4,30.53,37.24,-1,-1.0,-1.0,1639304400,2021-12-12,10:20:00
725,5,30.54,37.24,-1,-1.0,-1.0,1639305000,2021-12-12,10:30:00
726,5,23.51,35.94,-1,-1.0,-1.0,1639305600,2021-12-12,10:40:00
727,4,23.51,31.98,-1,-1.0,-1.0,1639306200,2021-12-12,10:50:00
728,3,29.23,30.67,820,27.4,25.0,1639306800,2021-12-12,11:00:00
729,5,17.3,31.98,827,26.8,26.0,1639307400,2021-12-12,11:10:00
730,4,16.03,33.29,818,25.8,27.0,1639308000,2021-12-12,11:20:00
731,5,19.17,30.66,822,25.6,28.0,1639308600,2021-12-12,11:30:00
732,7,29.25,37.24,831,25.7,29.0,1639309200,2021-12-12,11:40:00
733,7,29.24,34.7,827,25.6,29.0,1639309800,2021-12-12,11:50:00
734,8,17.99,32.07,827,25.8,29.0,1639310400,2021-12-12,12:00:00
735,8,16.98,31.74,858,25.8,29.0,1639311000,2021-12-12,12:10:00
736,8,27.64,36.08,823,26.1,29.0,1639311600,2021-12-12,12:20:00
737,10,14.47,32.83,864,25.9,29.0,1639312200,2021-12-12,12:30:00
738,10,11.55,36.08,867,26.1,30.0,1639312800,2021-12-12,12:40:00
739,10,11.84,34.24,880,26.2,29.0,1639313400,2021-12-12,12:50:00
740,11,13.59,33.91,910,26.1,30.0,1639314000,2021-12-12,13:00:00
741,10,28.11,36.08,863,26.3,30.0,1639314600,2021-12-12,13:10:00
742,9,15.39,36.08,883,26.4,30.0,1639315200,2021-12-12,13:20:00
743,10,12.42,36.08,880,26.3,30.0,1639315800,2021-12-12,13:30:00
744,9,13.3,36.08,901,26.2,30.0,1639316400,2021-12-12,13:40:00
745,9,15.05,36.08,-1,-1.0,-1.0,1639317000,2021-12-12,13:50:00
746,9,28.17,36.08,-1,-1.0,-1.0,1639317600,2021-12-12,14:00:00
747,9,15.55,36.08,-1,-1.0,-1.0,1639318200,2021-12-12,14:10:00
748,9,12.84,29.62,-1,-1.0,-1.0,1639318800,2021-12-12,14:20:00
749,9,13.01,29.62,-1,-1.0,-1.0,1639319400,2021-12-12,14:30:00
750,9,13.88,23.32,-1,-1.0,-1.0,1639320000,2021-12-12,14:40:00
751,9,13.89,23.84,-1,-1.0,-1.0,1639320600,2021-12-12,14:50:00
752,6,29.76,11.25,-1,-1.0,-1.0,1639321200,2021-12-12,15:00:00
753,9,29.44,10.92,-1,-1.0,-1.0,1639321800,2021-12-12,15:10:00
754,10,28.98,11.25,-1,-1.0,-1.0,1639322400,2021-12-12,15:20:00
755,9,12.72,11.6,-1,-1.0,-1.0,1639323000,2021-12-12,15:30:00
756,8,12.72,11.6,-1,-1.0,-1.0,1639323600,2021-12-12,15:40:00
757,8,12.72,11.6,-1,-1.0,-1.0,1639324200,2021-12-12,15:50:00
758,9,12.72,30.15,-1,-1.0,-1.0,1639324800,2021-12-12,16:00:00
759,13,13.59,30.14,-1,-1.0,-1.0,1639325400,2021-12-12,16:10:00
760,9,14.47,30.14,-1,-1.0,-1.0,1639326000,2021-12-12,16:20:00
761,10,14.48,30.14,-1,-1.0,-1.0,1639326600,2021-12-12,16:30:00
762,10,14.48,30.14,-1,-1.0,-1.0,1639327200,2021-12-12,16:40:00
763,10,28.66,30.13,-1,-1.0,-1.0,1639327800,2021-12-12,16:50:00
764,11,26.03,30.13,-1,-1.0,-1.0,1639328400,2021-12-12,17:00:00
765,12,15.39,40.9,-1,-1.0,-1.0,1639329000,2021-12-12,17:10:00
766,10,15.39,41.36,-1,-1.0,-1.0,1639329600,2021-12-12,17:20:00
767,9,15.39,41.37,-1,-1.0,-1.0,1639330200,2021-12-12,17:30:00
768,11,22.64,41.64,-1,-1.0,-1.0,1639330800,2021-12-12,17:40:00
769,10,28.98,41.82,-1,-1.0,-1.0,1639331400,2021-12-12,17:50:00
770,8,22.35,41.83,-1,-1.0,-1.0,1639332000,2021-12-12,18:00:00
771,8,18.83,32.73,-1,-1.0,-1.0,1639332600,2021-12-12,18:10:00
772,8,23.21,11.01,-1,-1.0,-1.0,1639333200,2021-12-12,18:20:00
773,9,30.78,24.33,-1,-1.0,-1.0,1639333800,2021-12-12,18:30:00
774,7,30.02,28.3,-1,-1.0,-1.0,1639334400,2021-12-12,18:40:00
775,5,30.01,17.69,-1,-1.0,-1.0,1639335000,2021-12-12,18:50:00
776,7,27.9,16.53,-1,-1.0,-1.0,1639335600,2021-12-12,19:00:00
777,7,30.78,15.37,-1,-1.0,-1.0,1639336200,2021-12-12,19:10:00
778,7,30.01,20.88,-1,-1.0,-1.0,1639336800,2021-12-12,19:20:00
779,6,30.01,20.88,-1,-1.0,-1.0,1639337400,2021-12-12,19:30:00
780,4,30.27,21.65,-1,-1.0,-1.0,1639338000,2021-12-12,19:40:00
781,6,28.98,22.16,-1,-1.0,-1.0,1639338600,2021-12-12,19:50:00
782,6,31.4,22.16,-1,-1.0,-1.0,1639339200,2021-12-12,20:00:00
783,4,15.71,22.97,-1,-1.0,-1.0,1639339800,2021-12-12,20:10:00
784,6,22.35,23.37,-1,-1.0,-1.0,1639340400,2021-12-12,20:20:00
785,6,29.23,24.18,-1,-1.0,-1.0,1639341000,2021-12-12,20:30:00
786,5,18.25,24.18,-1,-1.0,-1.0,1639341600,2021-12-12,20:40:00
787,5,19.2,24.18,-1,-1.0,-1.0,1639342200,2021-12-12,20:50:00
788,5,30.16,24.18,-1,-1.0,-1.0,1639342800,2021-12-12,21:00:00
789,5,33.01,24.18,-1,-1.0,-1.0,1639343400,2021-12-12,21:10:00
790,4,33.11,24.18,-1,-1.0,-1.0,1639344000,2021-12-12,21:20:00
791,3,32.33,24.18,-1,-1.0,-1.0,1639344600,2021-12-12,21:30:00
792,4,24.31,24.18,-1,-1.0,-1.0,1639345200,2021-12-12,21:40:00
793,4,42.36,24.19,-1,-1.0,-1.0,1639345800,2021-12-12,21:50:00
794,5,47.15,24.18,-1,-1.0,-1.0,1639346400,2021-12-12,22:00:00
795,5,33.11,24.18,-1,-1.0,-1.0,1639347000,2021-12-12,22:10:00
796,5,32.85,24.18,-1,-1.0,-1.0,1639347600,2021-12-12,22:20:00
797,4,33.11,24.18,-1,-1.0,-1.0,1639348200,2021-12-12,22:30:00
798,3,35.69,24.18,-1,-1.0,-1.0,1639348800,2021-12-12,22:40:00
799,2,31.45,24.18,-1,-1.0,-1.0,1639349400,2021-12-12,22:50:00
800,2,31.05,24.18,-1,-1.0,-1.0,1639350000,2021-12-12,23:00:00
801,3,31.04,24.18,-1,-1.0,-1.0,1639350600,2021-12-12,23:10:00
802,2,31.03,24.17,-1,-1.0,-1.0,1639351200,2021-12-12,23:20:00
803,2,32.33,24.18,-1,-1.0,-1.0,1639351800,2021-12-12,23:30:00
804,2,32.34,24.18,-1,-1.0,-1.0,1639352400,2021-12-12,23:40:00
805,2,32.34,29.88,-1,-1.0,-1.0,1639353000,2021-12-12,23:50:00
806,1,33.62,30.14,-1,-1.0,-1.0,1639353600,2021-12-13,00:00:00
807,0,33.62,30.66,-1,-1.0,-1.0,1639354200,2021-12-13,00:10:00
808,0,34.93,29.88,-1,-1.0,-1.0,1639354800,2021-12-13,00:20:00
809,0,36.48,29.88,-1,-1.0,-1.0,1639355400,2021-12-13,00:30:00
810,0,35.76,29.89,-1,-1.0,-1.0,1639356000,2021-12-13,00:40:00
811,0,37.44,29.88,-1,-1.0,-1.0,1639356600,2021-12-13,00:50:00
812,0,36.25,29.88,-1,-1.0,-1.0,1639357200,2021-12-13,01:00:00
813,0,35.93,29.88,-1,-1.0,-1.0,1639357800,2021-12-13,01:10:00
814,0,35.93,29.89,-1,-1.0,-1.0,1639358400,2021-12-13,01:20:00
815,0,36.38,29.88,-1,-1.0,-1.0,1639359000,2021-12-13,01:30:00
816,0,31.82,29.88,-1,-1.0,-1.0,1639359600,2021-12-13,01:40:00
817,0,31.4,29.89,-1,-1.0,-1.0,1639360200,2021-12-13,01:50:00
818,0,29.76,29.88,-1,-1.0,-1.0,1639360800,2021-12-13,02:00:00
819,0,29.76,29.89,-1,-1.0,-1.0,1639361400,2021-12-13,02:10:00
820,0,29.76,29.88,-1,-1.0,-1.0,1639362000,2021-12-13,02:20:00
821,0,29.76,29.89,-1,-1.0,-1.0,1639362600,2021-12-13,02:30:00
822,0,29.76,29.88,-1,-1.0,-1.0,1639363200,2021-12-13,02:40:00
823,1,29.76,29.89,-1,-1.0,-1.0,1639363800,2021-12-13,02:50:00
824,0,28.98,29.88,-1,-1.0,-1.0,1639364400,2021-12-13,03:00:00
825,0,28.98,29.89,-1,-1.0,-1.0,1639365000,2021-12-13,03:10:00
826,0,28.97,29.89,-1,-1.0,-1.0,1639365600,2021-12-13,03:20:00
827,0,30.27,29.88,-1,-1.0,-1.0,1639366200,2021-12-13,03:30:00
828,-1,30.27,29.88,-1,-1.0,-1.0,1639366800,2021-12-13,03:40:00
829,-1,30.27,29.88,-1,-1.0,-1.0,1639367400,2021-12-13,03:50:00
830,0,30.27,29.88,-1,-1.0,-1.0,1639368000,2021-12-13,04:00:00
831,0,30.27,29.89,-1,-1.0,-1.0,1639368600,2021-12-13,04:10:00
832,0,30.27,29.89,-1,-1.0,-1.0,1639369200,2021-12-13,04:20:00
833,0,30.27,29.89,-1,-1.0,-1.0,1639369800,2021-12-13,04:30:00
834,0,30.27,29.88,-1,-1.0,-1.0,1639370400,2021-12-13,04:40:00
835,0,29.8,29.89,-1,-1.0,-1.0,1639371000,2021-12-13,04:50:00
836,0,29.64,29.89,-1,-1.0,-1.0,1639371600,2021-12-13,05:00:00
837,0,29.49,29.88,-1,-1.0,-1.0,1639372200,2021-12-13,05:10:00
838,0,29.49,29.89,-1,-1.0,-1.0,1639372800,2021-12-13,05:20:00
839,0,29.49,29.73,-1,-1.0,-1.0,1639373400,2021-12-13,05:30:00
840,0,29.49,29.73,-1,-1.0,-1.0,1639374000,2021-12-13,05:40:00
841,0,29.49,29.58,-1,-1.0,-1.0,1639374600,2021-12-13,05:50:00
842,0,29.49,29.42,-1,-1.0,-1.0,1639375200,2021-12-13,06:00:00
843,0,28.11,26.22,-1,-1.0,-1.0,1639375800,2021-12-13,06:10:00
844,0,21.43,42.52,-1,-1.0,-1.0,1639376400,2021-12-13,06:20:00
845,0,22.35,29.62,-1,-1.0,-1.0,1639377000,2021-12-13,06:30:00
846,0,22.35,30.93,-1,-1.0,-1.0,1639377600,2021-12-13,06:40:00
847,0,24.93,30.92,-1,-1.0,-1.0,1639378200,2021-12-13,06:50:00
848,0,22.06,31.76,-1,-1.0,-1.0,1639378800,2021-12-13,07:00:00
849,0,22.06,30.92,-1,-1.0,-1.0,1639379400,2021-12-13,07:10:00
850,0,22.06,31.34,-1,-1.0,-1.0,1639380000,2021-12-13,07:20:00
851,0,22.75,36.78,-1,-1.0,-1.0,1639380600,2021-12-13,07:30:00
852,0,24.83,37.24,-1,-1.0,-1.0,1639381200,2021-12-13,07:40:00
853,0,21.75,37.24,-1,-1.0,-1.0,1639381800,2021-12-13,07:50:00
854,0,21.74,37.24,-1,-1.0,-1.0,1639382400,2021-12-13,08:00:00
855,0,21.74,37.68,-1,-1.0,-1.0,1639383000,2021-12-13,08:10:00
856,0,22.64,37.79,-1,-1.0,-1.0,1639383600,2021-12-13,08:20:00
857,0,22.64,38.15,-1,-1.0,-1.0,1639384200,2021-12-13,08:30:00
858,0,22.64,38.61,-1,-1.0,-1.0,1639384800,2021-12-13,08:40:00
859,0,23.5,38.62,801,28.1,24.0,1639385400,2021-12-13,08:50:00
860,1,24.37,42.49,829,27.0,25.0,1639386000,2021-12-13,09:00:00
861,3,25.23,43.23,879,26.2,27.0,1639386600,2021-12-13,09:10:00
862,5,25.91,41.27,821,26.1,27.0,1639387200,2021-12-13,09:20:00
863,6,24.59,40.86,743,26.2,28.0,1639387800,2021-12-13,09:30:00
864,7,22.35,40.67,855,26.1,28.0,1639388400,2021-12-13,09:40:00
865,8,22.35,40.67,833,26.3,28.0,1639389000,2021-12-13,09:50:00
866,8,22.35,40.94,833,26.3,28.0,1639389600,2021-12-13,10:00:00
867,9,22.35,36.08,816,26.3,28.0,1639390200,2021-12-13,10:10:00
868,7,22.35,36.99,832,26.3,28.0,1639390800,2021-12-13,10:20:00
869,9,22.34,35.84,829,26.6,28.0,1639391400,2021-12-13,10:30:00
870,9,22.33,35.84,852,26.4,28.0,1639392000,2021-12-13,10:40:00
871,9,22.33,36.3,-1,-1.0,-1.0,1639392600,2021-12-13,10:50:00
872,10,22.34,36.3,-1,-1.0,-1.0,1639393200,2021-12-13,11:00:00
873,11,22.35,35.85,-1,-1.0,-1.0,1639393800,2021-12-13,11:10:00
874,-1,22.35,36.12,-1,-1.0,-1.0,1639394400,2021-12-13,11:20:00
875,-1,22.35,36.31,-1,-1.0,-1.0,1639395000,2021-12-13,11:30:00
876,-1,22.35,36.3,-1,-1.0,-1.0,1639395600,2021-12-13,11:40:00
877,-1,30.52,36.76,851,28.1,25.0,1639396200,2021-12-13,11:50:00
878,-1,38.19,36.95,838,27.9,25.0,1639396800,2021-12-13,12:00:00
879,-1,31.29,37.22,834,26.8,26.0,1639397400,2021-12-13,12:10:00
880,-1,29.74,37.68,787,26.6,27.0,1639398000,2021-12-13,12:20:00
881,-1,28.97,38.15,835,26.6,27.0,1639398600,2021-12-13,12:30:00
882,-1,50.26,39.74,851,26.7,27.0,1639399200,2021-12-13,12:40:00
883,-1,28.96,40.21,851,26.6,27.0,1639399800,2021-12-13,12:50:00
884,-1,28.97,41.73,906,26.7,27.0,1639400400,2021-12-13,13:00:00
885,-1,29.49,36.86,874,26.7,27.0,1639401000,2021-12-13,13:10:00
886,-1,24.65,36.08,859,26.7,27.0,1639401600,2021-12-13,13:20:00
887,-1,29.22,39.89,734,26.8,27.0,1639402200,2021-12-13,13:30:00
888,-1,26.09,37.37,816,26.7,27.0,1639402800,2021-12-13,13:40:00
889,-1,28.96,36.08,871,26.4,28.0,1639403400,2021-12-13,13:50:00
890,-1,30.78,40.81,873,26.0,28.0,1639404000,2021-12-13,14:00:00
891,-1,30.52,37.45,875,26.6,28.0,1639404600,2021-12-13,14:10:00
892,-1,16.02,36.3,884,26.8,27.0,1639405200,2021-12-13,14:20:00
893,-1,18.25,37.45,882,27.0,27.0,1639405800,2021-12-13,14:30:00
894,-1,17.6,38.83,871,26.8,27.0,1639406400,2021-12-13,14:40:00
895,-1,27.12,37.68,865,26.8,27.0,1639407000,2021-12-13,14:50:00
896,-1,27.3,36.53,854,26.6,28.0,1639407600,2021-12-13,15:00:00
897,-1,22.91,35.84,912,26.7,28.0,1639408200,2021-12-13,15:10:00
898,-1,29.73,35.84,894,26.9,28.0,1639408800,2021-12-13,15:20:00
899,-1,27.44,36.3,931,27.1,28.0,1639409400,2021-12-13,15:30:00
900,-1,29.21,38.37,926,26.9,28.0,1639410000,2021-12-13,15:40:00
901,-1,43.29,36.77,907,27.0,28.0,1639410600,2021-12-13,15:50:00
902,-1,30.25,48.7,957,26.7,28.0,1639411200,2021-12-13,16:00:00
903,-1,25.79,47.1,1090,26.9,28.0,1639411800,2021-12-13,16:10:00
904,-1,29.47,44.03,972,26.7,28.0,1639412400,2021-12-13,16:20:00
905,-1,23.21,44.15,937,26.9,28.0,1639413000,2021-12-13,16:30:00
906,-1,29.74,47.26,941,26.8,28.0,1639413600,2021-12-13,16:40:00
907,-1,29.74,42.7,972,27.0,28.0,1639414200,2021-12-13,16:50:00
908,-1,25.8,43.7,960,27.1,28.0,1639414800,2021-12-13,17:00:00
909,-1,28.7,41.58,940,27.1,28.0,1639415400,2021-12-13,17:10:00
910,-1,32.07,42.5,912,27.2,28.0,1639416000,2021-12-13,17:20:00
911,-1,34.14,43.59,921,27.2,28.0,1639416600,2021-12-13,17:30:00
912,-1,35.44,42.62,934,27.2,27.0,1639417200,2021-12-13,17:40:00
913,-1,30.0,42.69,912,27.2,27.0,1639417800,2021-12-13,17:50:00
914,-1,33.88,41.13,930,26.9,27.0,1639418400,2021-12-13,18:00:00
915,-1,29.74,37.44,875,26.8,27.0,1639419000,2021-12-13,18:10:00
916,-1,34.65,35.84,858,26.6,27.0,1639419600,2021-12-13,18:20:00
917,-1,28.98,36.21,852,26.5,27.0,1639420200,2021-12-13,18:30:00
918,-1,30.01,36.3,842,26.4,27.0,1639420800,2021-12-13,18:40:00
919,-1,31.03,36.3,816,26.3,27.0,1639421400,2021-12-13,18:50:00
920,-1,28.98,36.3,917,26.3,27.0,1639422000,2021-12-13,19:00:00
921,-1,26.39,36.08,874,26.3,27.0,1639422600,2021-12-13,19:10:00
922,-1,28.25,38.83,688,26.2,27.0,1639423200,2021-12-13,19:20:00
923,-1,28.98,37.69,803,26.3,26.0,1639423800,2021-12-13,19:30:00
924,-1,28.98,32.48,836,26.4,26.0,1639424400,2021-12-13,19:40:00
925,-1,28.98,36.07,-1,-1.0,-1.0,1639425000,2021-12-13,19:50:00
926,-1,28.98,36.08,-1,-1.0,-1.0,1639425600,2021-12-13,20:00:00
927,-1,30.01,38.38,-1,-1.0,-1.0,1639426200,2021-12-13,20:10:00
928,-1,30.0,31.07,-1,-1.0,-1.0,1639426800,2021-12-13,20:20:00
929,-1,34.92,33.21,-1,-1.0,-1.0,1639427400,2021-12-13,20:30:00
930,-1,24.08,31.44,-1,-1.0,-1.0,1639428000,2021-12-13,20:40:00
931,-1,29.75,29.88,-1,-1.0,-1.0,1639428600,2021-12-13,20:50:00
932,-1,24.29,29.61,-1,-1.0,-1.0,1639429200,2021-12-13,21:00:00
933,-1,25.47,29.88,-1,-1.0,-1.0,1639429800,2021-12-13,21:10:00
934,-1,30.78,35.84,-1,-1.0,-1.0,1639430400,2021-12-13,21:20:00
935,-1,29.75,34.55,-1,-1.0,-1.0,1639431000,2021-12-13,21:30:00
936,-1,29.49,29.61,-1,-1.0,-1.0,1639431600,2021-12-13,21:40:00
937,-1,25.52,11.6,-1,-1.0,-1.0,1639432200,2021-12-13,21:50:00
938,-1,30.01,8.95,-1,-1.0,-1.0,1639432800,2021-12-13,22:00:00
939,-1,29.76,8.95,-1,-1.0,-1.0,1639433400,2021-12-13,22:10:00
940,-1,28.98,15.52,-1,-1.0,-1.0,1639434000,2021-12-13,22:20:00
941,-1,37.05,9.55,-1,-1.0,-1.0,1639434600,2021-12-13,22:30:00
942,-1,29.74,10.12,-1,-1.0,-1.0,1639435200,2021-12-13,22:40:00
943,-1,29.6,9.72,-1,-1.0,-1.0,1639435800,2021-12-13,22:50:00
944,-1,28.97,11.89,-1,-1.0,-1.0,1639436400,2021-12-13,23:00:00
945,-1,30.0,12.8,-1,-1.0,-1.0,1639437000,2021-12-13,23:10:00
946,-1,29.22,13.04,-1,-1.0,-1.0,1639437600,2021-12-13,23:20:00
947,-1,29.74,14.24,-1,-1.0,-1.0,1639438200,2021-12-13,23:30:00
948,-1,26.38,12.78,-1,-1.0,-1.0,1639438800,2021-12-13,23:40:00
949,-1,27.24,13.36,-1,-1.0,-1.0,1639439400,2021-12-13,23:50:00
950,-1,28.97,13.06,-1,-1.0,-1.0,1639440000,2021-12-14,00:00:00
951,-1,29.49,12.78,-1,-1.0,-1.0,1639440600,2021-12-14,00:10:00
952,-1,29.49,13.19,-1,-1.0,-1.0,1639441200,2021-12-14,00:20:00
953,-1,31.29,25.85,-1,-1.0,-1.0,1639441800,2021-12-14,00:30:00
954,-1,32.22,13.95,-1,-1.0,-1.0,1639442400,2021-12-14,00:40:00
955,-1,35.18,29.37,-1,-1.0,-1.0,1639443000,2021-12-14,00:50:00
956,-1,28.97,13.66,-1,-1.0,-1.0,1639443600,2021-12-14,01:00:00
957,-1,28.98,15.46,-1,-1.0,-1.0,1639444200,2021-12-14,01:10:00
958,-1,32.13,13.36,-1,-1.0,-1.0,1639444800,2021-12-14,01:20:00
959,-1,29.49,14.24,-1,-1.0,-1.0,1639445400,2021-12-14,01:30:00
960,-1,29.49,14.06,-1,-1.0,-1.0,1639446000,2021-12-14,01:40:00
961,-1,35.69,15.12,-1,-1.0,-1.0,1639446600,2021-12-14,01:50:00
962,-1,35.62,16.41,-1,-1.0,-1.0,1639447200,2021-12-14,02:00:00
963,-1,34.91,13.93,-1,-1.0,-1.0,1639447800,2021-12-14,02:10:00
964,-1,34.91,14.65,-1,-1.0,-1.0,1639448400,2021-12-14,02:20:00
965,-1,34.92,14.83,-1,-1.0,-1.0,1639449000,2021-12-14,02:30:00
966,-1,34.91,28.53,-1,-1.0,-1.0,1639449600,2021-12-14,02:40:00
967,-1,35.76,13.66,-1,-1.0,-1.0,1639450200,2021-12-14,02:50:00
968,-1,35.17,13.66,-1,-1.0,-1.0,1639450800,2021-12-14,03:00:00
969,-1,34.14,14.54,-1,-1.0,-1.0,1639451400,2021-12-14,03:10:00
970,-1,34.14,15.46,-1,-1.0,-1.0,1639452000,2021-12-14,03:20:00
971,-1,34.14,16.74,-1,-1.0,-1.0,1639452600,2021-12-14,03:30:00
972,-1,35.17,14.24,-1,-1.0,-1.0,1639453200,2021-12-14,03:40:00
973,-1,35.72,15.12,-1,-1.0,-1.0,1639453800,2021-12-14,03:50:00
974,-1,35.91,15.12,-1,-1.0,-1.0,1639454400,2021-12-14,04:00:00
975,-1,34.65,16.41,-1,-1.0,-1.0,1639455000,2021-12-14,04:10:00
976,-1,35.0,21.0,-1,-1.0,-1.0,1639455700,2021-12-14,04:21:40
977,-1,34.4,25.2,-1,-1.0,-1.0,1639456200,2021-12-14,04:30:00
978,-1,34.14,23.9,-1,-1.0,-1.0,1639456800,2021-12-14,04:40:00
979,-1,33.37,24.76,-1,-1.0,-1.0,1639457400,2021-12-14,04:50:00
980,-1,33.88,24.77,-1,-1.0,-1.0,1639458000,2021-12-14,05:00:00
981,-1,34.66,14.83,-1,-1.0,-1.0,1639458600,2021-12-14,05:10:00
982,-1,35.35,22.74,-1,-1.0,-1.0,1639459200,2021-12-14,05:20:00
983,-1,36.13,22.74,-1,-1.0,-1.0,1639459800,2021-12-14,05:30:00
984,-1,34.14,24.07,-1,-1.0,-1.0,1639460400,2021-12-14,05:40:00
985,-1,33.89,22.74,-1,-1.0,-1.0,1639461000,2021-12-14,05:50:00
986,-1,33.89,23.6,-1,-1.0,-1.0,1639461600,2021-12-14,06:00:00
987,-1,23.85,25.64,-1,-1.0,-1.0,1639462200,2021-12-14,06:10:00
988,-1,29.23,31.44,-1,-1.0,-1.0,1639462800,2021-12-14,06:20:00
989,-1,29.44,36.15,-1,-1.0,-1.0,1639463400,2021-12-14,06:30:00
990,-1,29.75,49.41,-1,-1.0,-1.0,1639464000,2021-12-14,06:40:00
991,-1,28.97,44.72,-1,-1.0,-1.0,1639464600,2021-12-14,06:50:00
992,-1,29.49,37.46,-1,-1.0,-1.0,1639465200,2021-12-14,07:00:00
993,-1,30.51,34.55,-1,-1.0,-1.0,1639465800,2021-12-14,07:10:00
994,-1,33.72,32.48,-1,-1.0,-1.0,1639466400,2021-12-14,07:20:00
995,-1,37.75,32.48,-1,-1.0,-1.0,1639467000,2021-12-14,07:30:00
996,-1,38.2,31.69,-1,-1.0,-1.0,1639467600,2021-12-14,07:40:00
997,-1,37.11,31.7,-1,-1.0,-1.0,1639468200,2021-12-14,07:50:00
998,-1,31.81,31.69,-1,-1.0,-1.0,1639468800,2021-12-14,08:00:00
999,-1,31.81,30.92,-1,-1.0,-1.0,1639469400,2021-12-14,08:10:00
1000,-1,31.81,30.93,-1,-1.0,-1.0,1639470000,2021-12-14,08:20:00
1001,-1,31.03,30.92,-1,-1.0,-1.0,1639470600,2021-12-14,08:30:00
1002,-1,29.74,30.92,-1,-1.0,-1.0,1639471200,2021-12-14,08:40:00
1003,-1,29.75,50.16,-1,-1.0,-1.0,1639471800,2021-12-14,08:50:00
1004,-1,31.55,44.19,-1,-1.0,-1.0,1639472400,2021-12-14,09:00:00
1005,-1,31.55,43.62,-1,-1.0,-1.0,1639473000,2021-12-14,09:10:00
1006,-1,32.84,41.13,-1,-1.0,-1.0,1639473600,2021-12-14,09:20:00
1007,-1,34.65,41.22,-1,-1.0,-1.0,1639474200,2021-12-14,09:30:00
1008,-1,33.44,41.59,-1,-1.0,-1.0,1639474800,2021-12-14,09:40:00
1009,-1,32.39,42.05,-1,-1.0,-1.0,1639475400,2021-12-14,09:50:00
1010,-1,28.97,42.51,-1,-1.0,-1.0,1639476000,2021-12-14,10:00:00
1011,-1,28.96,41.15,-1,-1.0,-1.0,1639476600,2021-12-14,10:10:00
1012,-1,28.97,43.03,-1,-1.0,-1.0,1639477200,2021-12-14,10:20:00
1013,-1,28.96,42.48,-1,-1.0,-1.0,1639477800,2021-12-14,10:30:00
1014,-1,28.96,39.98,-1,-1.0,-1.0,1639478400,2021-12-14,10:40:00
1015,-1,28.96,39.7,-1,-1.0,-1.0,1639479000,2021-12-14,10:50:00
1016,-1,29.58,39.98,-1,-1.0,-1.0,1639479600,2021-12-14,11:00:00
1017,-1,29.48,39.97,-1,-1.0,-1.0,1639480200,2021-12-14,11:10:00
1018,-1,29.23,39.98,-1,-1.0,-1.0,1639480800,2021-12-14,11:20:00
1019,-1,29.51,39.98,-1,-1.0,-1.0,1639481400,2021-12-14,11:30:00
1020,-1,29.49,40.35,-1,-1.0,-1.0,1639482000,2021-12-14,11:40:00
1021,-1,29.49,32.72,-1,-1.0,-1.0,1639482600,2021-12-14,11:50:00
1022,-1,29.48,40.67,-1,-1.0,-1.0,1639483200,2021-12-14,12:00:00
1023,-1,29.49,40.67,-1,-1.0,-1.0,1639483800,2021-12-14,12:10:00
1024,-1,29.48,40.58,-1,-1.0,-1.0,1639484400,2021-12-14,12:20:00
1025,-1,29.48,40.3,-1,-1.0,-1.0,1639485000,2021-12-14,12:30:00
1026,-1,29.48,39.89,-1,-1.0,-1.0,1639485600,2021-12-14,12:40:00
1027,-1,29.49,38.14,-1,-1.0,-1.0,1639486200,2021-12-14,12:50:00
1028,-1,29.49,36.07,-1,-1.0,-1.0,1639486800,2021-12-14,13:00:00
1029,-1,29.48,36.07,-1,-1.0,-1.0,1639487400,2021-12-14,13:10:00
1030,-1,29.48,36.08,-1,-1.0,-1.0,1639488000,2021-12-14,13:20:00
1031,-1,29.47,36.07,-1,-1.0,-1.0,1639488600,2021-12-14,13:30:00
1032,-1,28.14,36.07,-1,-1.0,-1.0,1639489200,2021-12-14,13:40:00
1033,-1,27.8,36.54,-1,-1.0,-1.0,1639489800,2021-12-14,13:50:00
1034,-1,27.8,37.72,-1,-1.0,-1.0,1639490400,2021-12-14,14:00:00
1035,-1,27.98,39.05,-1,-1.0,-1.0,1639491000,2021-12-14,14:10:00
1036,-1,29.73,39.52,-1,-1.0,-1.0,1639491600,2021-12-14,14:20:00
1037,-1,29.99,41.58,-1,-1.0,-1.0,1639492200,2021-12-14,14:30:00
1038,-1,35.42,43.31,-1,-1.0,-1.0,1639492800,2021-12-14,14:40:00
1039,-1,35.9,43.3,-1,-1.0,-1.0,1639493400,2021-12-14,14:50:00
1040,-1,36.59,42.9,-1,-1.0,-1.0,1639494000,2021-12-14,15:00:00
1041,-1,29.74,51.84,-1,-1.0,-1.0,1639494600,2021-12-14,15:10:00
1042,-1,35.91,48.91,-1,-1.0,-1.0,1639495200,2021-12-14,15:20:00
1043,-1,25.1,46.9,-1,-1.0,-1.0,1639495800,2021-12-14,15:30:00
1044,-1,22.8,46.5,-1,-1.0,-1.0,1639496400,2021-12-14,15:40:00
1045,-1,28.96,46.34,-1,-1.0,-1.0,1639497000,2021-12-14,15:50:00
1046,-1,29.74,47.9,-1,-1.0,-1.0,1639497600,2021-12-14,16:00:00
1047,-1,29.74,43.54,-1,-1.0,-1.0,1639498200,2021-12-14,16:10:00
1048,-1,29.21,29.87,-1,-1.0,-1.0,1639498800,2021-12-14,16:20:00
1049,-1,29.22,31.17,-1,-1.0,-1.0,1639499400,2021-12-14,16:30:00
1050,-1,29.48,30.39,-1,-1.0,-1.0,1639500000,2021-12-14,16:40:00
1051,-1,30.25,30.39,-1,-1.0,-1.0,1639500600,2021-12-14,16:50:00
1052,-1,24.64,30.4,-1,-1.0,-1.0,1639501200,2021-12-14,17:00:00
1053,-1,30.0,30.39,-1,-1.0,-1.0,1639501800,2021-12-14,17:10:00
1054,-1,36.81,30.39,-1,-1.0,-1.0,1639502400,2021-12-14,17:20:00
1055,-1,26.38,31.69,-1,-1.0,-1.0,1639503000,2021-12-14,17:30:00
1056,-1,26.09,31.69,-1,-1.0,-1.0,1639503600,2021-12-14,17:40:00
1057,-1,29.22,31.7,-1,-1.0,-1.0,1639504200,2021-12-14,17:50:00
1058,-1,29.74,37.92,-1,-1.0,-1.0,1639504800,2021-12-14,18:00:00
1059,-1,29.48,39.38,-1,-1.0,-1.0,1639505400,2021-12-14,18:10:00
1060,-1,29.48,35.59,-1,-1.0,-1.0,1639506000,2021-12-14,18:20:00
1061,-1,30.0,35.59,-1,-1.0,-1.0,1639506600,2021-12-14,18:30:00
1062,-1,33.36,38.83,-1,-1.0,-1.0,1639507200,2021-12-14,18:40:00
1063,-1,29.22,36.07,-1,-1.0,-1.0,1639507800,2021-12-14,18:50:00
1064,-1,30.78,36.08,-1,-1.0,-1.0,1639508400,2021-12-14,19:00:00
1065,-1,30.26,36.08,-1,-1.0,-1.0,1639509000,2021-12-14,19:10:00
1066,-1,29.22,36.08,-1,-1.0,-1.0,1639509600,2021-12-14,19:20:00
1067,-1,36.83,36.08,-1,-1.0,-1.0,1639510200,2021-12-14,19:30:00
1068,-1,30.52,36.08,-1,-1.0,-1.0,1639510800,2021-12-14,19:40:00
1069,-1,38.66,36.08,-1,-1.0,-1.0,1639511400,2021-12-14,19:50:00
1070,-1,33.11,36.08,-1,-1.0,-1.0,1639512000,2021-12-14,20:00:00
1071,-1,31.29,36.08,-1,-1.0,-1.0,1639512600,2021-12-14,20:10:00
1072,-1,31.54,36.08,-1,-1.0,-1.0,1639513200,2021-12-14,20:20:00
1073,-1,31.04,36.08,-1,-1.0,-1.0,1639513800,2021-12-14,20:30:00
1074,-1,32.07,36.08,-1,-1.0,-1.0,1639514400,2021-12-14,20:40:00
1075,-1,31.81,36.08,-1,-1.0,-1.0,1639515000,2021-12-14,20:50:00
1076,-1,32.58,36.08,-1,-1.0,-1.0,1639515600,2021-12-14,21:00:00
1077,-1,33.88,36.08,-1,-1.0,-1.0,1639516200,2021-12-14,21:10:00
1078,-1,33.11,36.08,-1,-1.0,-1.0,1639516800,2021-12-14,21:20:00
1079,-1,33.11,36.17,-1,-1.0,-1.0,1639517400,2021-12-14,21:30:00
1080,-1,33.62,36.54,-1,-1.0,-1.0,1639518000,2021-12-14,21:40:00
1081,-1,33.62,36.08,-1,-1.0,-1.0,1639518600,2021-12-14,21:50:00
1082,-1,33.62,35.33,-1,-1.0,-1.0,1639519200,2021-12-14,22:00:00
1083,-1,32.85,37.46,-1,-1.0,-1.0,1639519800,2021-12-14,22:10:00
1084,-1,33.11,30.66,-1,-1.0,-1.0,1639520400,2021-12-14,22:20:00
1085,-1,33.36,31.29,-1,-1.0,-1.0,1639521000,2021-12-14,22:30:00
1086,-1,33.36,29.88,-1,-1.0,-1.0,1639521600,2021-12-14,22:40:00
1087,-1,33.36,29.11,-1,-1.0,-1.0,1639522200,2021-12-14,22:50:00
1088,-1,33.88,27.65,-1,-1.0,-1.0,1639522800,2021-12-14,23:00:00
1089,-1,32.59,28.82,-1,-1.0,-1.0,1639523400,2021-12-14,23:10:00
1090,-1,32.59,29.1,-1,-1.0,-1.0,1639524000,2021-12-14,23:20:00
1091,-1,33.89,29.35,-1,-1.0,-1.0,1639524600,2021-12-14,23:30:00
1092,-1,33.89,28.53,-1,-1.0,-1.0,1639525200,2021-12-14,23:40:00
1093,-1,33.11,27.35,-1,-1.0,-1.0,1639525800,2021-12-14,23:50:00
1094,-1,33.11,29.62,-1,-1.0,-1.0,1639526400,2021-12-15,00:00:00
1095,-1,33.1,29.1,-1,-1.0,-1.0,1639527000,2021-12-15,00:10:00
1096,-1,34.4,29.88,-1,-1.0,-1.0,1639527600,2021-12-15,00:20:00
1097,-1,33.62,29.1,-1,-1.0,-1.0,1639528200,2021-12-15,00:30:00
1098,-1,33.62,29.88,-1,-1.0,-1.0,1639528800,2021-12-15,00:40:00
1099,-1,33.62,15.78,-1,-1.0,-1.0,1639529400,2021-12-15,00:50:00
1100,-1,33.63,15.12,-1,-1.0,-1.0,1639530000,2021-12-15,01:00:00
1101,-1,33.62,31.5,-1,-1.0,-1.0,1639530600,2021-12-15,01:10:00
1102,-1,34.09,30.4,-1,-1.0,-1.0,1639531200,2021-12-15,01:20:00
1103,-1,34.14,15.46,-1,-1.0,-1.0,1639531800,2021-12-15,01:30:00
1104,-1,34.14,17.43,-1,-1.0,-1.0,1639532400,2021-12-15,01:40:00
1105,-1,34.14,15.77,-1,-1.0,-1.0,1639533000,2021-12-15,01:50:00
1106,-1,33.63,31.17,-1,-1.0,-1.0,1639533600,2021-12-15,02:00:00
1107,-1,34.14,31.43,-1,-1.0,-1.0,1639534200,2021-12-15,02:10:00
1108,-1,34.14,29.62,-1,-1.0,-1.0,1639534800,2021-12-15,02:20:00
1109,-1,34.14,14.83,-1,-1.0,-1.0,1639535400,2021-12-15,02:30:00
1110,-1,34.4,14.53,-1,-1.0,-1.0,1639536000,2021-12-15,02:40:00
1111,-1,33.36,16.41,-1,-1.0,-1.0,1639536600,2021-12-15,02:50:00
1112,-1,33.36,29.62,-1,-1.0,-1.0,1639537200,2021-12-15,03:00:00
1113,-1,33.36,33.77,-1,-1.0,-1.0,1639537800,2021-12-15,03:10:00
1114,-1,33.37,15.78,-1,-1.0,-1.0,1639538400,2021-12-15,03:20:00
1115,-1,33.36,17.69,-1,-1.0,-1.0,1639539000,2021-12-15,03:30:00
1116,-1,33.36,27.63,-1,-1.0,-1.0,1639539600,2021-12-15,03:40:00
1117,-1,33.36,18.01,-1,-1.0,-1.0,1639540200,2021-12-15,03:50:00
1118,-1,33.36,36.53,-1,-1.0,-1.0,1639540800,2021-12-15,04:00:00
1119,-1,35.0,17.06,-1,-1.0,-1.0,1639541400,2021-12-15,04:10:00
1120,-1,35.68,16.41,-1,-1.0,-1.0,1639542000,2021-12-15,04:20:00
1121,-1,36.64,17.06,-1,-1.0,-1.0,1639542600,2021-12-15,04:30:00
1122,-1,36.56,17.69,-1,-1.0,-1.0,1639543200,2021-12-15,04:40:00
1123,-1,36.65,17.37,-1,-1.0,-1.0,1639543800,2021-12-15,04:50:00
1124,-1,36.83,17.06,-1,-1.0,-1.0,1639544400,2021-12-15,05:00:00
1125,-1,37.29,16.74,-1,-1.0,-1.0,1639545000,2021-12-15,05:10:00
1126,-1,39.57,17.69,-1,-1.0,-1.0,1639545600,2021-12-15,05:20:00
1127,-1,39.57,17.37,-1,-1.0,-1.0,1639546200,2021-12-15,05:30:00
1128,-1,39.58,17.06,-1,-1.0,-1.0,1639546800,2021-12-15,05:40:00
1129,-1,39.58,18.01,-1,-1.0,-1.0,1639547400,2021-12-15,05:50:00
1130,-1,39.58,17.69,-1,-1.0,-1.0,1639548000,2021-12-15,06:00:00
1131,-1,33.99,17.37,-1,-1.0,-1.0,1639548600,2021-12-15,06:10:00
1132,-1,30.0,33.0,-1,-1.0,-1.0,1639549200,2021-12-15,06:20:00
1133,-1,28.96,29.1,-1,-1.0,-1.0,1639549800,2021-12-15,06:30:00
1134,-1,29.74,36.31,-1,-1.0,-1.0,1639550400,2021-12-15,06:40:00
1135,-1,28.97,36.77,-1,-1.0,-1.0,1639551000,2021-12-15,06:50:00
1136,-1,29.49,37.23,-1,-1.0,-1.0,1639551600,2021-12-15,07:00:00
1137,-1,36.64,37.22,-1,-1.0,-1.0,1639552200,2021-12-15,07:10:00
1138,-1,35.91,37.68,-1,-1.0,-1.0,1639552800,2021-12-15,07:20:00
1139,-1,29.74,36.07,-1,-1.0,-1.0,1639553400,2021-12-15,07:30:00
1140,-1,28.97,36.54,-1,-1.0,-1.0,1639554000,2021-12-15,07:40:00
1141,-1,28.97,36.54,-1,-1.0,-1.0,1639554600,2021-12-15,07:50:00
1142,-1,28.98,52.03,-1,-1.0,-1.0,1639555200,2021-12-15,08:00:00
1143,-1,29.18,54.24,-1,-1.0,-1.0,1639555800,2021-12-15,08:10:00
1144,-1,25.23,58.22,-1,-1.0,-1.0,1639556400,2021-12-15,08:20:00
1145,-1,25.23,57.8,-1,-1.0,-1.0,1639557000,2021-12-15,08:30:00
1146,-1,25.23,56.39,-1,-1.0,-1.0,1639557600,2021-12-15,08:40:00
1147,-1,26.09,56.84,-1,-1.0,-1.0,1639558200,2021-12-15,08:50:00
1148,-1,26.09,55.1,-1,-1.0,-1.0,1639558800,2021-12-15,09:00:00
1149,-1,27.39,53.56,-1,-1.0,-1.0,1639559400,2021-12-15,09:10:00
1150,-1,34.23,54.24,-1,-1.0,-1.0,1639560000,2021-12-15,09:20:00
1151,-1,33.1,54.76,-1,-1.0,-1.0,1639560600,2021-12-15,09:30:00
1152,-1,32.64,54.58,-1,-1.0,-1.0,1639561200,2021-12-15,09:40:00
1153,-1,31.29,54.07,-1,-1.0,-1.0,1639561800,2021-12-15,09:50:00
1154,-1,31.03,53.91,-1,-1.0,-1.0,1639562400,2021-12-15,10:00:00
1155,-1,30.26,51.0,-1,-1.0,-1.0,1639563000,2021-12-15,10:10:00
1156,-1,30.26,52.37,-1,-1.0,-1.0,1639563600,2021-12-15,10:20:00
1157,-1,30.25,52.37,-1,-1.0,-1.0,1639564200,2021-12-15,10:30:00
1158,-1,30.25,53.04,-1,-1.0,-1.0,1639564800,2021-12-15,10:40:00
1159,-1,30.25,54.16,-1,-1.0,-1.0,1639565400,2021-12-15,10:50:00
1160,-1,30.25,55.46,-1,-1.0,-1.0,1639566000,2021-12-15,11:00:00
1161,-1,30.25,53.9,-1,-1.0,-1.0,1639566600,2021-12-15,11:10:00
1162,-1,30.25,53.22,-1,-1.0,-1.0,1639567200,2021-12-15,11:20:00
1163,-1,30.25,53.22,-1,-1.0,-1.0,1639567800,2021-12-15,11:30:00
1164,-1,30.25,53.56,-1,-1.0,-1.0,1639568400,2021-12-15,11:40:00
1165,-1,29.99,53.69,-1,-1.0,-1.0,1639569000,2021-12-15,11:50:00
1166,-1,28.96,54.0,-1,-1.0,-1.0,1639569600,2021-12-15,12:00:00
1167,-1,28.96,53.72,-1,-1.0,-1.0,1639570200,2021-12-15,12:10:00
1168,-1,28.96,52.87,-1,-1.0,-1.0,1639570800,2021-12-15,12:20:00
1169,-1,28.96,52.87,-1,-1.0,-1.0,1639571400,2021-12-15,12:30:00
1170,-1,28.96,52.88,-1,-1.0,-1.0,1639572000,2021-12-15,12:40:00
1171,-1,22.63,52.88,-1,-1.0,-1.0,1639572600,2021-12-15,12:50:00
1172,-1,22.63,54.91,-1,-1.0,-1.0,1639573200,2021-12-15,13:00:00
1173,-1,24.35,56.24,-1,-1.0,-1.0,1639573800,2021-12-15,13:10:00
1174,-1,29.48,54.66,-1,-1.0,-1.0,1639574400,2021-12-15,13:20:00
1175,-1,35.9,51.01,-1,-1.0,-1.0,1639575000,2021-12-15,13:30:00
1176,-1,36.09,50.96,-1,-1.0,-1.0,1639575600,2021-12-15,13:40:00
1177,-1,28.96,50.66,-1,-1.0,-1.0,1639576200,2021-12-15,13:50:00
1178,-1,29.48,50.66,-1,-1.0,-1.0,1639576800,2021-12-15,14:00:00
1179,-1,28.96,50.66,-1,-1.0,-1.0,1639577400,2021-12-15,14:10:00
1180,-1,28.96,50.67,-1,-1.0,-1.0,1639578000,2021-12-15,14:20:00
1181,-1,28.96,50.65,-1,-1.0,-1.0,1639578600,2021-12-15,14:30:00
1182,7,28.96,38.23,898,28.3,24.0,1639579200,2021-12-15,14:40:00
1183,7,30.25,42.7,922,26.5,27.0,1639579800,2021-12-15,14:50:00
1184,7,22.63,44.5,957,26.0,27.0,1639580400,2021-12-15,15:00:00
1185,7,24.35,43.7,938,25.8,27.0,1639581000,2021-12-15,15:10:00
1186,6,36.42,43.3,886,26.4,26.0,1639581600,2021-12-15,15:20:00
1187,6,35.67,42.9,848,26.2,27.0,1639582200,2021-12-15,15:30:00
1188,9,37.73,38.82,897,26.4,27.0,1639582800,2021-12-15,15:40:00
1189,5,32.28,38.82,883,26.3,27.0,1639583400,2021-12-15,15:50:00
1190,4,34.51,42.08,883,26.2,27.0,1639584000,2021-12-15,16:00:00
1191,4,28.96,42.9,843,26.3,27.0,1639584600,2021-12-15,16:10:00
1192,5,22.63,42.89,826,26.3,26.0,1639585200,2021-12-15,16:20:00
1193,6,22.62,42.9,866,26.4,26.0,1639585800,2021-12-15,16:30:00
1194,6,22.63,43.46,928,26.4,26.0,1639586400,2021-12-15,16:40:00
1195,6,22.63,44.29,930,27.2,25.0,1639587000,2021-12-15,16:50:00
1196,6,22.64,44.22,918,26.4,26.0,1639587600,2021-12-15,17:00:00
1197,8,22.63,44.5,921,26.2,26.0,1639588200,2021-12-15,17:10:00
1198,8,22.63,42.34,918,26.2,26.0,1639588800,2021-12-15,17:20:00
1199,6,22.63,41.62,934,26.2,26.0,1639589400,2021-12-15,17:30:00
1200,4,22.62,40.8,907,26.6,25.0,1639590000,2021-12-15,17:40:00
1201,3,22.62,40.71,654,26.4,26.0,1639590600,2021-12-15,17:50:00
1202,3,22.63,40.62,912,26.3,26.0,1639591200,2021-12-15,18:00:00
1203,3,22.63,40.71,930,26.4,26.0,1639591800,2021-12-15,18:10:00
1204,3,22.63,42.9,930,26.7,25.0,1639592400,2021-12-15,18:20:00
1205,4,22.64,42.05,942,26.2,26.0,1639593000,2021-12-15,18:30:00
1206,5,22.64,42.05,922,26.5,25.0,1639593600,2021-12-15,18:40:00
1207,7,22.63,42.5,932,26.5,26.0,1639594200,2021-12-15,18:50:00
1208,7,22.63,41.54,921,26.4,26.0,1639594800,2021-12-15,19:00:00
1209,7,22.64,40.43,906,26.5,25.0,1639595400,2021-12-15,19:10:00
1210,7,22.97,43.26,901,25.6,27.0,1639596000,2021-12-15,19:20:00
1211,7,24.01,43.5,926,26.7,25.0,1639596600,2021-12-15,19:30:00
1212,7,24.35,42.14,911,27.0,25.0,1639597200,2021-12-15,19:40:00
1213,6,25.39,40.67,1008,27.1,24.0,1639597800,2021-12-15,19:50:00
1214,7,25.22,40.94,1515,27.2,25.0,1639598400,2021-12-15,20:00:00
1215,7,25.22,41.13,1097,27.3,25.0,1639599000,2021-12-15,20:10:00
1216,7,26.08,38.38,909,27.1,25.0,1639599600,2021-12-15,20:20:00
1217,7,25.39,43.5,932,27.4,24.0,1639600200,2021-12-15,20:30:00
1218,7,26.09,43.1,953,27.3,25.0,1639600800,2021-12-15,20:40:00
1219,7,26.78,40.71,927,27.3,24.0,1639601400,2021-12-15,20:50:00
1220,7,23.49,38.83,897,28.0,23.0,1639602000,2021-12-15,21:00:00
1221,7,24.01,38.83,817,27.3,24.0,1639602600,2021-12-15,21:10:00
1222,-1,22.64,39.29,819,25.6,26.0,1639603200,2021-12-15,21:20:00
1223,-1,22.63,40.95,771,25.9,26.0,1639603800,2021-12-15,21:30:00
1224,-1,22.64,41.13,812,26.0,26.0,1639604400,2021-12-15,21:40:00
1225,0,31.03,36.67,835,26.0,25.0,1639641600,2021-12-16,08:00:00
1226,0,30.25,36.76,858,26.3,24.0,1639642200,2021-12-16,08:10:00
1227,0,30.27,36.86,821,24.9,26.0,1639642800,2021-12-16,08:20:00
1228,0,29.47,37.13,863,25.0,26.0,1639643400,2021-12-16,08:30:00
1229,2,29.48,37.05,807,25.4,25.0,1639644000,2021-12-16,08:40:00
1230,1,29.48,36.48,701,25.8,25.0,1639644600,2021-12-16,08:50:00
1231,1,29.47,36.9,847,25.7,25.0,1639645200,2021-12-16,09:00:00
1232,2,29.47,35.92,863,25.9,24.0,1639645800,2021-12-16,09:10:00
1233,2,29.47,35.92,897,26.3,24.0,1639646400,2021-12-16,09:20:00
1234,1,29.47,37.41,915,26.1,24.0,1639647000,2021-12-16,09:30:00
1235,3,32.34,39.77,832,25.4,26.0,1639649400,2021-12-16,10:10:00
1236,2,31.56,36.31,912,25.6,26.0,1639650000,2021-12-16,10:20:00
1237,2,31.56,47.11,901,26.0,24.0,1639650600,2021-12-16,10:30:00
1238,3,31.82,38.14,892,26.1,24.0,1639651200,2021-12-16,10:40:00
1239,5,31.9,39.12,896,26.2,24.0,1639651800,2021-12-16,10:50:00
1240,4,32.15,40.22,1033,26.3,23.0,1639652400,2021-12-16,11:00:00
1241,5,31.87,39.54,909,26.2,23.0,1639653000,2021-12-16,11:10:00
1242,5,32.34,39.12,845,26.3,23.0,1639653600,2021-12-16,11:20:00
1243,4,34.12,52.53,941,25.8,24.0,1639654200,2021-12-16,11:30:00
1244,5,34.13,56.24,934,26.1,24.0,1639654800,2021-12-16,11:40:00
1245,6,34.14,56.24,930,26.2,23.0,1639655400,2021-12-16,11:50:00
1246,6,34.17,54.23,939,26.6,22.0,1639656000,2021-12-16,12:00:00
1247,7,34.56,53.42,934,26.5,23.0,1639656600,2021-12-16,12:10:00
1248,7,34.64,54.89,905,26.8,22.0,1639657200,2021-12-16,12:20:00
1249,6,34.58,53.89,911,26.2,23.0,1639657800,2021-12-16,12:30:00
1250,7,34.12,54.07,913,26.2,23.0,1639658400,2021-12-16,12:40:00
1251,4,33.93,54.58,931,26.6,22.0,1639659000,2021-12-16,12:50:00
1252,3,33.87,54.27,861,26.4,22.0,1639659600,2021-12-16,13:00:00
1253,4,34.56,55.02,895,26.5,22.0,1639660200,2021-12-16,13:10:00
1254,4,30.16,55.23,864,26.0,23.0,1639660800,2021-12-16,13:20:00
1255,5,35.91,55.38,796,26.2,23.0,1639661400,2021-12-16,13:30:00
1256,4,35.17,56.03,815,26.3,23.0,1639662000,2021-12-16,13:40:00
1257,4,29.49,55.79,816,26.5,22.0,1639662600,2021-12-16,13:50:00
1258,4,30.78,55.83,806,26.3,22.0,1639663200,2021-12-16,14:00:00
1259,3,25.8,56.27,822,26.8,22.0,1639663800,2021-12-16,14:10:00
1260,4,26.96,56.12,786,26.5,22.0,1639664400,2021-12-16,14:20:00
1261,4,27.82,56.45,803,26.5,22.0,1639665000,2021-12-16,14:30:00
1262,5,24.37,33.97,849,26.4,22.0,1639665600,2021-12-16,14:40:00
1263,5,26.09,29.35,805,25.9,23.0,1639666200,2021-12-16,14:50:00
1264,5,30.16,29.82,833,26.3,22.0,1639666800,2021-12-16,15:00:00
1265,4,30.0,30.12,768,26.1,23.0,1639667400,2021-12-16,15:10:00
1266,4,30.0,-1.0,770,26.2,22.0,1639668000,2021-12-16,15:20:00
1267,4,30.01,-1.0,788,26.7,21.0,1639668600,2021-12-16,15:30:00
1268,5,29.24,55.98,847,26.6,21.0,1639669200,2021-12-16,15:40:00
1269,5,29.49,56.48,801,26.3,22.0,1639669800,2021-12-16,15:50:00
1270,4,31.31,58.48,786,26.4,22.0,1639670400,2021-12-16,16:00:00
1271,4,30.01,30.09,795,26.4,21.0,1639671000,2021-12-16,16:10:00
1272,7,29.24,50.16,816,26.6,22.0,1639671600,2021-12-16,16:20:00
1273,7,29.76,51.87,877,26.6,21.0,1639672200,2021-12-16,16:30:00
1274,7,28.98,52.2,811,26.4,24.0,1639672800,2021-12-16,16:40:00
1275,7,29.39,53.06,816,26.3,22.0,1639673400,2021-12-16,16:50:00
1276,8,26.96,49.49,789,26.5,21.0,1639674000,2021-12-16,17:00:00
1277,7,26.96,47.32,836,26.1,22.0,1639674600,2021-12-16,17:10:00
1278,9,29.49,46.92,805,26.8,22.0,1639675200,2021-12-16,17:20:00
1279,11,29.49,46.91,769,27.0,21.0,1639675800,2021-12-16,17:30:00
1280,9,36.83,46.83,784,26.9,20.0,1639676400,2021-12-16,17:40:00
1281,10,29.49,46.6,804,27.2,20.0,1639677000,2021-12-16,17:50:00
1282,10,28.16,58.9,786,26.9,20.0,1639677600,2021-12-16,18:00:00
1283,8,27.85,56.25,796,27.1,20.0,1639678200,2021-12-16,18:10:00
1284,10,27.83,56.4,834,27.5,19.0,1639678800,2021-12-16,18:20:00
1285,9,28.0,56.4,823,27.1,20.0,1639679400,2021-12-16,18:30:00
1286,6,27.82,56.53,790,27.3,20.0,1639680000,2021-12-16,18:40:00
1287,5,28.17,56.36,802,27.2,20.0,1639680600,2021-12-16,18:50:00
1288,7,28.34,56.12,742,27.0,20.0,1639681200,2021-12-16,19:00:00
1289,7,28.0,56.54,770,27.0,22.0,1639681800,2021-12-16,19:10:00
1290,7,29.48,58.11,762,26.9,21.0,1639682400,2021-12-16,19:20:00
1291,6,36.15,57.67,767,26.5,19.0,1639683000,2021-12-16,19:30:00
1292,3,29.75,62.84,824,26.4,20.0,1639683600,2021-12-16,19:40:00
1293,3,32.34,61.65,779,26.2,26.0,1639684200,2021-12-16,19:50:00
1294,3,31.56,61.15,812,26.8,20.0,1639684800,2021-12-16,20:00:00
1295,3,29.76,60.9,784,26.9,21.0,1639685400,2021-12-16,20:10:00
1296,4,30.53,59.98,784,26.8,20.0,1639686000,2021-12-16,20:20:00
1297,4,31.04,58.66,771,26.9,20.0,1639686600,2021-12-16,20:30:00
1298,4,28.98,57.49,768,26.6,20.0,1639687200,2021-12-16,20:40:00
1299,2,32.07,57.58,788,26.9,19.0,1639687800,2021-12-16,20:50:00
1300,2,28.98,57.66,768,26.8,19.0,1639688400,2021-12-16,21:00:00
1301,3,33.63,58.29,780,26.4,20.0,1639689000,2021-12-16,21:10:00
1302,3,33.62,57.94,779,26.7,19.0,1639689600,2021-12-16,21:20:00
1303,3,33.63,57.19,764,26.6,19.0,1639690200,2021-12-16,21:30:00
1304,4,35.44,57.02,778,26.4,20.0,1639690800,2021-12-16,21:40:00
1305,4,35.44,-1.0,772,26.4,20.0,1639691400,2021-12-16,21:50:00
1306,4,35.92,-1.0,768,26.8,19.0,1639692000,2021-12-16,22:00:00
1307,3,29.75,-1.0,781,26.9,19.0,1639692600,2021-12-16,22:10:00
1308,2,29.76,-1.0,766,26.6,19.0,1639693200,2021-12-16,22:20:00
1309,0,30.02,-1.0,-1,-1.0,-1.0,1639693800,2021-12-16,22:30:00
1310,0,29.76,-1.0,-1,-1.0,-1.0,1639694400,2021-12-16,22:40:00
1311,0,29.76,-1.0,-1,-1.0,-1.0,1639695000,2021-12-16,22:50:00
1312,0,33.88,-1.0,-1,-1.0,-1.0,1639695600,2021-12-16,23:00:00
1313,0,32.34,-1.0,-1,-1.0,-1.0,1639696200,2021-12-16,23:10:00
1314,0,30.11,-1.0,-1,-1.0,-1.0,1639696800,2021-12-16,23:20:00
1315,0,30.63,-1.0,-1,-1.0,-1.0,1639697400,2021-12-16,23:30:00
1316,0,31.31,-1.0,-1,-1.0,-1.0,1639698000,2021-12-16,23:40:00
1317,0,31.82,-1.0,-1,-1.0,-1.0,1639698600,2021-12-16,23:50:00
1318,0,31.04,-1.0,-1,-1.0,-1.0,1639699200,2021-12-17,00:00:00
1319,0,31.56,-1.0,-1,-1.0,-1.0,1639699800,2021-12-17,00:10:00
1320,0,32.08,-1.0,-1,-1.0,-1.0,1639700400,2021-12-17,00:20:00
1321,0,30.53,-1.0,-1,-1.0,-1.0,1639701000,2021-12-17,00:30:00
1322,0,29.75,-1.0,-1,-1.0,-1.0,1639701600,2021-12-17,00:40:00
1323,0,28.97,-1.0,-1,-1.0,-1.0,1639702200,2021-12-17,00:50:00
1324,0,28.98,-1.0,-1,-1.0,-1.0,1639702800,2021-12-17,01:00:00
1325,0,30.78,-1.0,-1,-1.0,-1.0,1639703400,2021-12-17,01:10:00
1326,0,32.28,-1.0,-1,-1.0,-1.0,1639704000,2021-12-17,01:20:00
1327,0,31.04,-1.0,-1,-1.0,-1.0,1639704600,2021-12-17,01:30:00
1328,0,31.04,-1.0,-1,-1.0,-1.0,1639705200,2021-12-17,01:40:00
1329,0,30.01,-1.0,-1,-1.0,-1.0,1639705800,2021-12-17,01:50:00
1330,0,29.49,-1.0,-1,-1.0,-1.0,1639706400,2021-12-17,02:00:00
1331,0,29.49,-1.0,-1,-1.0,-1.0,1639707000,2021-12-17,02:10:00
1332,0,30.02,-1.0,-1,-1.0,-1.0,1639707600,2021-12-17,02:20:00
1333,0,30.01,-1.0,-1,-1.0,-1.0,1639708200,2021-12-17,02:30:00
1334,0,29.24,-1.0,-1,-1.0,-1.0,1639708800,2021-12-17,02:40:00
1335,0,35.17,-1.0,-1,-1.0,-1.0,1639709400,2021-12-17,02:50:00
1336,0,29.75,-1.0,-1,-1.0,-1.0,1639710000,2021-12-17,03:00:00
1337,0,34.92,-1.0,-1,-1.0,-1.0,1639710600,2021-12-17,03:10:00
1338,0,32.86,-1.0,-1,-1.0,-1.0,1639711200,2021-12-17,03:20:00
1339,0,32.07,-1.0,-1,-1.0,-1.0,1639711800,2021-12-17,03:30:00
1340,0,32.07,-1.0,-1,-1.0,-1.0,1639712400,2021-12-17,03:40:00
1341,0,33.11,-1.0,-1,-1.0,-1.0,1639713000,2021-12-17,03:50:00
1342,0,31.31,-1.0,-1,-1.0,-1.0,1639713600,2021-12-17,04:00:00
1343,0,31.31,-1.0,-1,-1.0,-1.0,1639714200,2021-12-17,04:10:00
1344,0,32.08,-1.0,-1,-1.0,-1.0,1639714800,2021-12-17,04:20:00
1345,0,31.04,-1.0,-1,-1.0,-1.0,1639715400,2021-12-17,04:30:00
1346,0,30.53,-1.0,-1,-1.0,-1.0,1639716000,2021-12-17,04:40:00
1347,0,30.53,-1.0,-1,-1.0,-1.0,1639716600,2021-12-17,04:50:00
1348,0,30.53,-1.0,-1,-1.0,-1.0,1639717200,2021-12-17,05:00:00
1349,0,31.82,-1.0,-1,-1.0,-1.0,1639717800,2021-12-17,05:10:00
1350,0,33.11,-1.0,-1,-1.0,-1.0,1639718400,2021-12-17,05:20:00
1351,0,37.52,-1.0,-1,-1.0,-1.0,1639719000,2021-12-17,05:30:00
1352,0,37.53,-1.0,-1,-1.0,-1.0,1639719600,2021-12-17,05:40:00
1353,0,37.98,-1.0,-1,-1.0,-1.0,1639720200,2021-12-17,05:50:00
1354,0,38.43,-1.0,-1,-1.0,-1.0,1639720800,2021-12-17,06:00:00
1355,0,38.44,-1.0,-1,-1.0,-1.0,1639721400,2021-12-17,06:10:00
1356,0,38.44,-1.0,-1,-1.0,-1.0,1639722000,2021-12-17,06:20:00
1357,0,30.02,-1.0,-1,-1.0,-1.0,1639722600,2021-12-17,06:30:00
1358,0,36.1,-1.0,-1,-1.0,-1.0,1639723200,2021-12-17,06:40:00
1359,0,35.42,-1.0,-1,-1.0,-1.0,1639723800,2021-12-17,06:50:00
1360,0,33.89,-1.0,-1,-1.0,-1.0,1639724400,2021-12-17,07:00:00
1361,0,33.11,-1.0,-1,-1.0,-1.0,1639725000,2021-12-17,07:10:00
1362,0,33.63,-1.0,-1,-1.0,-1.0,1639725600,2021-12-17,07:20:00
1363,0,29.49,-1.0,-1,-1.0,-1.0,1639726200,2021-12-17,07:30:00
1364,0,29.49,-1.0,-1,-1.0,-1.0,1639726800,2021-12-17,07:40:00
1365,0,29.49,-1.0,-1,-1.0,-1.0,1639727400,2021-12-17,07:50:00
1366,0,29.49,-1.0,-1,-1.0,-1.0,1639728000,2021-12-17,08:00:00
